Parameter,Description,Type,Default,BoxA-PC,BoxB-PC,BoxC-PC,BoxD-PC,BoxA-PC;onlyblue,BoxB-PC;onlyblue,BoxC-PC;onlyblue,BoxD-PC;onlyblue,BoxA-PC;onlyred,BoxB-PC;onlyred,BoxC-PC;onlyred,BoxD-PC;onlyred,launched_from_main,short,30_min,RunConstantImageStimulus,RunFullWormRailsTwoColors,RunRailsTriggeredByTurningTwoColors,test,Mochi,Sandeep,Yifei,Adtran,Srista
ExperimentalDuration,How long the experiment is but not including finding median filters(seconds),Numeric,60,,,,,,,,,,,,,,1,1800,,,,60,,1800,1800,1800,1800
TC_ZoneRadius,The radius of the temporal calibration zone in the center of the camera FOV (mm),Numeric,6,,,,,,,,,,,,,,,,,,,,,,,,
TC_ZoneMargin,The buffer distance between the top center of the temporal calibration dots and the radius (mm),Numeric,1.2,,,,,,,,,,,,,,,,,,,,,,,,
TC_DotRadius,The radius of the temporal calibration dot (mm),Numeric,0.3,,,,,,,,,,,,,,,,,,,,,,,,
TC_NumberofTimeBitsEncoded,Number of bits to encode for representing the camera buffer index,Numeric,19,,,,,,,,,,,,,,,,,,,,,,,,
TC_NumberofOtherBitsEncoded,Number of bits to encode for other information,Numeric,0,,,,,,,,,,,,,,,,,,,,,,,,
MF_NumberofMedianFilterImages,Number of images to use for our median filter background subtraction,Numeric,5,,,,,,,,,,,,,,,,,,,,,,,,
MF_MedianFilterUpdateTime,Amount of time in between median filter updates during the experimental portion (ms),Numeric,60000,,,,,,,,,,,,,,,,,,,10000,,,,,
MF_InitialMedianFilterAquisitionTime,Amount of time before the experiment begins spent aquiring a median filtered background image (s),Numeric,60,,,,,,,,,,,,,,5,,,,,10,,,,,
FW_MaxFauxWormCount,Max number of fake worms to draw,Numeric,0,,,,,,,,,,,,,20,,,,,,40,,,,,
FW_PoissonLambda,The lamda of a Poisson distribution  for thenumber of fake worms to be added per second,Numeric,0.5,,,,,,,,,,,,,,,,,,,,,,,,
FW_HeadingChangeSD,Fake worm heading change standard deviation (rad/s/s),Numeric,0.2,,,,,,,,,,,,,,,,,,,,,,,,
FW_SpeedChangeSD,Fake worm speed change standard deviation (mm/s/s),Numeric,0.02,,,,,,,,,,,,,,,,,,,,,,,,
FW_InitialSpeedMean,Fake worm initial speed mean (mm/s),Numeric,0.05,,,,,,,,,,,,,,,,,,,,,,,,
FW_InitialSpeedSD,Fake worm initial speed standard deviation  (mms/s),Numeric,0.05,,,,,,,,,,,,,,,,,,,,,,,,
FW_WormLengthMean,Fake worm length mean (mm),Numeric,1,,,,,,,,,,,,,,,,,,,,,,,,
FW_WormLengthSD,Fake worm length standard deviation (mm),Numeric,0.01,,,,,,,,,,,,,,,,,,,,,,,,
CameraCalibrationImagePath,The relative path of the camera calibration image,String,..\GEN-H5CKDP1_camera_distortion.png,..\BoxA-PC_camera_distortion.png,..\BoxB-PC_camera_distortion.png,..\BoxC-PC_camera_distortion.png,..\BoxD-PC_camera_distortion.png,,,,,,,,,,,,,,,,,,,,
ProjectorCameraCalibrationImagePath,The relative path of the projector to camera calibration image,String,..\GEN-H5CKDP1_projector_to_camera_distortion.png,..\BoxA-PC_projector_to_camera_distortion.png,..\BoxB-PC_projector_to_camera_distortion.png,..\BoxC-PC_projector_to_camera_distortion.png,..\BoxD-PC_projector_to_camera_distortion.png,,,,,,,,,,,,,,,,,,,,
NumberofBufferImages,Number of frames to buffer when saving camera and projector images,Numeric,50,,,,,,,,,,,,,,,,,,,,,,,,
TrackingMemoryPreallocationSize,Buffer chunk size for tracks,Numeric,1024,,,,,,,,,,,,,,,,,,,,,,,,
TrackingBinaryThresholdLevel,Theshold level of particle detection after median filtering,Numeric,7,,,,,,,,,,,,,,,,,,,,,6,,,6
TrackingMaxBlobCount,The max number of particles before the algorith raises the binary threshold. Max active tracks. Limited by IMAQ label,Numeric,255,,,,,,,,,,,,,,,,,,,,,,,,
TrackingMinWormArea,The minimum area for a binary blob to be considered a worm (mm^2),Numeric,0.04,,,,,,,,,,,,,,,,,,,,,0.03,,,0.03
TrackingMaxWormArea,The maximum area for a binary blob to be considered a worm (mm^2),Numeric,0.5,,,,,,,,,,,,,,,,,,,,,0.5,,,0.5
TrackingMaxWormSpeed,The maximum speed at which a worm could move at in order to be considered the same track (mm/s),Numeric,6,,,,,,,,,,,,,,,,,,,,,,,,
TrackingMaxAreaChange,The maximum change in area between track frames (mm^2),Numeric,0.5,,,,,,,,,,,,,,,,,,,,,,,,
TrackingWormBoxHalfSize,The cut out size around a worm. Reserved for later use. (mm),Numeric,1,,,,,,,,,,,,,,,,,,,,,,,,
TrackingMatureTime,The minimum amount of time that needs to pass before we find the head and start stimulus delivery (s),Numeric,30,,,,,,,,,,,,,,,,0,,,,,,,,
TrackingCenterlinePointsCount,The number of points in the centerline,Numeric,10,,,,,,,,,,,,,,,,,,,,,,,,
TrackingMaxMatureTracks,The max number of tracks we are actively stimulating,Numeric,50,,,,,,,,,,,,,,,,255,,,,,,,,
TrackingMaxBackwardsTime,"Max time a worm can go ""backwards"" (s) for correcting head/tail assignment",Numeric,10,,,,,,,,,,,,,,,,,,,,,6,,6,6
TrackingSmoothingWindow,The minimum amount of time in between tracking frames to calculate speed (s),Numeric,1,,,,,,,,,,,,,,,,,,,,,,,,
CalibrationBinaryThresholdLevel,Theshold level for the green calibration channel,Numeric,10,,,,,,,,,,,,,,,,,,,,,,,,
BehaviorParallelPoolCount,Number of parallel pools to use for centerline finding and other behavior calculations,Numeric,2,,,,,,,,,,,,,,,,,,,,,,,,
StimulusBufferSize,Buffer chunk size for stimulus,Numeric,1024,,,,,,,,,,,,,,,,,,,,,,,,
GreenExposureTime,Amount of time for green exposure for projector in 1 frame (us),Numeric,239,239,239,239,239,235,235,235,235,235,235,235,235,,,,,,,,,,,,
RedExposureTime,Amount of time for red exposure for projector in 1 frame (us),Numeric,8274,8274,8274,8274,8274,0,0,0,0,33098,33098,33098,33098,,,,,,,,,,,,
BlueExposureTime,Amount of time for blue exposure for projector in 1 frame (us),Numeric,8274,8274,8274,8274,8274,33098,33098,33098,33098,0,0,0,0,,,,,,,,,,,,
GreenLEDCurrent,Green LED current setting (out of 255),Numeric,255,255,255,255,255,255,255,255,255,255,255,255,255,,,,,,,,,,,,
RedLEDCurrent,Red LED current setting (out of 255),Numeric,255,255,255,255,255,0,0,0,0,255,255,255,255,,,,,,,,,,,,
BlueLEDCurrent,Blue LED current setting (out of 255),Numeric,255,255,255,255,255,255,255,255,255,0,0,0,0,,,,,,,,,,,,
avgPowerRed,Average Red Power in FOV at 255 pixel intensity (uW/mm^2),Numeric,63.380282,63.380282,63.380282,71.830986,60.84507,0.239437,0.261972,0.273239,0.450704,94.366197,87.323944,92.957746,95.774648,,,,,,,,,,,,
avgPowerBlue,Average Blue Power in FOV at 255 pixel intensity (uW/mm^2),Numeric,218.309859,218.309859,214.084507,218.309859,187.323944,394.366197,388.732394,398.591549,343.661972,0.084507,0.077465,0.076056,0.211268,,,,,,,,,,,,
avgPowerGreen,Average Green Power in FOV at 255 pixel intensity (uW/mm^2),Numeric,1.408451,1.408451,1.408451,1.408451,1.408451,1.408451,1.408451,1.408451,1.408451,1.408451,1.408451,1.408451,1.408451,,,,,,,,,,,,
RedBluePatternRepeat,The number of times the red and blue exposure patterns are repeated before another green exposure,Numeric,2,2,2,2,2,1,1,1,1,1,1,1,1,,,,,,,,,,,,
PureGreenExposureTime,Amount of time for green exposure for projector in 1 frame in calibration mode (us),Numeric,8000,,,,,,,,,,,,,,,,,,,,,,,,
StimulusBluePowerToRedPowerRatio,Scaling factor for the amount of blue light power density for every unit of red light power density (unitless),Numeric,1,,,,,,,,,,,,,,,,,,,,,,,,
RemotePath,Location of the Data Folder on Cluster,String,/tigress/LEIFER/Sandeep/APIData/,,,,,,,,,,,,,,,,,,,,/tigress/LEIFER/Mochi/APIData/,/tigress/LEIFER/Sandeep/APIData/,/tigress/LEIFER/Yifei/APIData,/tigress/LEIFER/Adtran/APIData/,/tigress/LEIFER/Srista/APIData/
LocalPath,Where on the local machine to save data,String,D:\Data\,,,,,,,,,,,,,,,,,,,,,,,,
Mask,Worm Tracker Mask Image,String,0,,,,,,,,,,,,,,,,,,,,,,,,
PlottingFrameRate,Ananlyzed Video Plotting Frame Rate (frames/s),Numeric,2,,,,,,,,,,,,,,,30,,,,30,,,,,
IndividualVideoPlottingFrameRate,Individual Video Plot Frame Rate (frames/s),Numeric,0,,,,,,,,,,,,,,,0,,,,30,,,,,
MinAverageWormArea,Min Average Worm Size (pixels),Numeric,40,,,,,,,,,,,,,,,,,,,,,35,,,35
MinTrackLength,The minimum track length. Tracks shorter will be deleted. (s),Numeric,10,,,,,,,,,,,,,,,,,,,,,10,,,10
pca_batchSize,batch size for running online PCA,Numeric,20000,,,,,,,,,,,,,,,,,,,,,,,,
numProjections,number of projections to find in PCA,Numeric,100,,,,,,,,,,,,,,,,,,,,,,,,
pcaModes,number of PCA modes to use in later analyses,Numeric,5,,,,,,,,,,,,,,,,,,,,,,,,
numPeriods,number of wavelet frequencies to use,Numeric,25,,,,,,,,,,,,,,,,,,,,,,,,
omega0,dimensionless Morlet wavelet parameter,Numeric,5,,,,,,,,,,,,,,,,,,,,,,,,
minF,minimum frequency for wavelet transform (Hz),Numeric,0.3,,,,,,,,,,,,,,,,,,,,,,,,
maxF,maximum frequency for wavelet transform (Hz),Numeric,7,,,,,,,,,,,,,,,,,,,,,,,,
perplexity,2^H (H is the transition entropy),Numeric,32,,,,,,,,,,,,,,,,,,,,,,,,
relTol,relative convergence criterium for t-SNE,Numeric,1.00E-04,,,,,,,,,,,,,,,,,,,,,,,,
num_tsne_dim,number of dimensions for use in t-SNE,Numeric,2,,,,,,,,,,,,,,,,,,,,,,,,
sigmaTolerance,binary search tolerance for finding pointwise transition region,Numeric,1.00E-05,,,,,,,,,,,,,,,,,,,,,,,,
maxNeighbors,maximum number of non-zero neighbors in P,Numeric,200,,,,,,,,,,,,,,,,,,,,,,,,
momentum,initial momentum,Numeric,0.5,,,,,,,,,,,,,,,,,,,,,,,,
final_momentum,value to which momentum is changed,Numeric,0.8,,,,,,,,,,,,,,,,,,,,,,,,
mom_switch_iter,iteration at which momentum is changed,Numeric,250,,,,,,,,,,,,,,,,,,,,,,,,
stop_lying_iter,iteration at which lying about P-values is stopped,Numeric,125,,,,,,,,,,,,,,,,,,,,,,,,
lie_multiplier,degree of P-value expansion at early iterations,Numeric,3,,,,,,,,,,,,,,,,,,,,,,,,
max_iter,maximum number of iterations,Numeric,1000,,,,,,,,,,,,,,,,,,,,,,,,
epsilon,initial learning rate,Numeric,500,,,,,,,,,,,,,,,,,,,,,,,,
min_gain,minimum gain for delta-bar-delta,Numeric,0.01,,,,,,,,,,,,,,,,,,,,,,,,
tsne_readout,readout variable for t-SNE,Numeric,1,,,,,,,,,,,,,,,,,,,,,,,,
embedding_batchSize,embedding batchsize,Numeric,20000,,,,,,,,,,,,,,,,,,,,,,,,
maxOptimIter,maximum number of iterations for the Nelder-Mead algorithm,Numeric,100,,,,,,,,,,,,,,,,,,,,,,,,
trainingSetSize,number of points in the training set,Numeric,55000,,,,,,,,,,,,,,,,,,,,,,,,
kdNeighbors,local neighborhood definition in training set creation,Numeric,5,,,,,,,,,,,,,,,,,,,,,,,,
training_relTol,t-SNE training set stopping critereon,Numeric,2.00E-03,,,,,,,,,,,,,,,,,,,,,,,,
training_perplexity,t-SNE training set perplexity,Numeric,20,,,,,,,,,,,,,,,,,,,,,,,,
training_numPoints,number of points to evaluate in each training set file,Numeric,10000,,,,,,,,,,,,,,,,,,,,,,,,
minTemplateLength,minimum training set template length,Numeric,1,,,,,,,,,,,,,,,,,,,,,,,,
subsamplingIterations,number of iterataions of t-SNE to perform to subsample,Numeric,10,,,,,,,,,,,,,,,,,,,,,,,,
TrackOnly,Only do tracking. No centerlines and behavioral analysis,Numeric,0,,,,,,,,,,,,,,,,,,,,,,,,
TrackingDebugMode,determines if we save deleted tracks and plots them,Numeric,0,,,,,,,,,,,,,,,,,,,,,,,,
PlottingRawImage,plots the raw image instead of the binarized subtracted image,Numeric,1,,,,,,,,,,,,,,,,,,,,,,,,
SaveIndividualImages,saves individual worm images,Numeric,1,,,,,,,,,,,,,,,,,,,,,,,,
MaxStimulusLag,The maximum stimulus lag that is still reasonable. Beyond which we would interpolate through (s),Numeric,1,,,,,,,,,,,,,,,,,,,,,,,,
TimeAroundProblemToCut,If  there is a centerline issue in auto_resolve_problems: how much time to cut out around the issue (s),Numeric,2,,,,,,,,,,,,,,,,,,,,,,,,
StereotypedBehaviorMinTime,The minimum amount of time required in a watershed region for the algorithm to classify it as a sterotyped behavior (s),Numeric,0.5,,,,,,,,,,,,,,,,,,,,,,,,
PostAnalysisNumberofMedianFilterImages,The number of median filter images used in post analysis,Numeric,20,,,,,,,,,,,,,,,,,,,,,,,,
ClusterIPAddress,The IP address of della head node to submit processing jobs using SLURM currently della5,String,della.princeton.edu,,,,,,,,,,,,,,,,,,,,,,,,
CameraImagePlottingMultiplier,Scaling factor for plotting camera images relative to stimulus images,Numeric,1,,,,,,,,,,,,,,,,,,,,,,,,
MinDisplacement,Minimum amount of distance required for a track to be valid (mm),Numeric,2,,,,,,,,,,,,,,,,,,,,,,,,
MaxSpatialCorrection,Max distance we can correct for in real time beyond which requires recalibration (mm),Numeric,1.5,,,,,,,,,,,,,,,,,,,,,,,,
SpatialCalibrationProjectorDotRadius,Radius of the dot used to draw the spatial calibration pattern (projector pixels),Numeric,3,3.000000,3.000000,3.000000,3.000000,,,,,,,,,,,,,,,,,,,,
SpatialCalibrationCameraStepSize,The step size in between spatial calibration dots (camera pixel),Numeric,75.851852,75.851852,75.851852,75.851852,75.851852,,,,,,,,,,,,,,,,,,,,
ProjectorSpatialCalibrationPoints,Projector coordinates used for generating the projector camera calibration (projector pixels X;Y;X;Y),String,,159.057449;516.437500;159.471680;490.849457;159.885910;465.261414;160.300140;439.673401;160.714355;414.085388;161.128586;388.497375;161.542816;362.909363;161.957047;337.321289;162.371277;311.733276;162.785507;286.145264;163.199738;260.557251;163.613968;234.969208;164.028183;209.381195;164.442413;183.793182;164.856644;158.205139;165.270874;132.617126;165.685104;107.029121;166.099335;81.441071;184.645462;516.851685;185.059692;491.263672;185.473923;465.675629;185.888153;440.087616;186.302383;414.499603;186.716614;388.911591;187.130844;363.323578;187.545074;337.735535;187.959290;312.147522;188.373520;286.559509;188.787750;260.971466;189.201981;235.383453;189.616211;209.795410;190.030441;184.207413;190.444672;158.619370;190.858902;133.031357;191.273117;107.443352;191.687347;81.855301;210.233490;517.265930;210.647720;491.677887;211.061951;466.089844;211.476181;440.501831;211.890411;414.913818;212.304626;389.325806;212.718857;363.737793;213.133087;338.149780;213.547318;312.561737;213.961548;286.973755;214.375778;261.385681;214.790009;235.797668;215.204239;210.209656;215.618454;184.621643;216.032684;159.033600;216.446915;133.445587;216.861145;107.857574;217.275375;82.269531;235.821518;517.680176;236.235733;492.092133;236.649963;466.504089;237.064194;440.916077;237.478424;415.328064;237.892654;389.740051;238.306885;364.152039;238.721115;338.563995;239.135345;312.975952;239.549561;287.387970;239.963791;261.799927;240.378021;236.211899;240.792252;210.623871;241.206482;185.035858;241.620712;159.447815;242.034943;133.859818;242.449173;108.271805;242.863388;82.683762;261.409515;518.094360;261.823761;492.506348;262.237976;466.918304;262.652222;441.330292;263.066437;415.742279;263.480682;390.154266;263.894897;364.566284;264.309113;338.978210;264.723358;313.390198;265.137573;287.802185;265.551819;262.214172;265.966034;236.626129;266.380280;211.038101;266.794495;185.450104;267.208740;159.862045;267.622955;134.274048;268.037170;108.686035;268.451416;83.097992;286.997559;518.508667;287.411774;492.920593;287.826019;467.332550;288.240234;441.744537;288.654480;416.156525;289.068695;390.568512;289.482910;364.980469;289.897156;339.392456;290.311371;313.804413;290.725616;288.216431;291.139832;262.628357;291.554077;237.040359;291.968292;211.452332;292.382538;185.864319;292.796753;160.276276;293.210968;134.688263;293.625214;109.100266;294.039429;83.512215;312.585571;518.922852;312.999786;493.334808;313.414032;467.746765;313.828247;442.158752;314.242493;416.570740;314.656708;390.982727;315.070953;365.394714;315.485168;339.806671;315.899414;314.218628;316.313629;288.630646;316.727844;263.042603;317.142090;237.454590;317.556305;211.866562;317.970551;186.278564;318.384766;160.690506;318.799011;135.102493;319.213226;109.514496;319.627441;83.926445;338.173615;519.337097;338.587830;493.749054;339.002075;468.161011;339.416290;442.572998;339.830505;416.984985;340.244751;391.396973;340.658966;365.808960;341.073212;340.220886;341.487427;314.632874;341.901672;289.044861;342.315887;263.456848;342.730133;237.868805;343.144348;212.280792;343.558563;186.692780;343.972809;161.104736;344.387024;135.516724;344.801270;109.928719;345.215485;84.340675;363.761627;519.751343;364.175873;494.163269;364.590088;468.575226;365.004333;442.987213;365.418549;417.399200;365.832764;391.811188;366.247009;366.223175;366.661224;340.635132;367.075470;315.047119;367.489685;289.459106;367.903931;263.871063;368.318146;238.283051;368.732361;212.695007;369.146606;187.107010;369.560822;161.518967;369.975067;135.930954;370.389282;110.342949;370.803528;84.754898;389.349640;520.165527;389.763855;494.577484;390.178101;468.989441;390.592316;443.401428;391.006561;417.813416;391.420776;392.225403;391.835022;366.637390;392.249237;341.049377;392.663452;315.461334;393.077698;289.873352;393.491913;264.285278;393.906158;238.697266;394.320374;213.109253;394.734619;187.521240;395.148834;161.933197;395.563080;136.345184;395.977295;110.757179;396.391510;85.169128;414.937653;520.579773;415.351898;494.991730;415.766113;469.403687;416.180328;443.815674;416.594574;418.227661;417.008789;392.639648;417.423035;367.051636;417.837250;341.463593;418.251495;315.875549;418.665710;290.287567;419.079926;264.699524;419.494171;239.111511;419.908386;213.523468;420.322632;187.935471;420.736847;162.347412;421.151093;136.759415;421.565308;111.171410;421.979553;85.583359;440.525696;520.994019;440.939911;495.405945;441.354126;469.817902;441.768372;444.229889;442.182587;418.641876;442.596832;393.053864;443.011047;367.465881;443.425293;341.877808;443.839508;316.289795;444.253754;290.701782;444.667969;265.113770;445.082184;239.525726;445.496429;213.937698;445.910645;188.349701;446.324890;162.761658;446.739105;137.173645;447.153351;111.585632;447.567566;85.997589;466.113739;521.408203;466.527954;495.820190;466.942169;470.232147;467.356415;444.644135;467.770630;419.056122;468.184875;393.468109;468.599091;367.880096;469.013336;342.292053;469.427551;316.704041;469.841797;291.116028;470.256012;265.527985;470.670227;239.939957;471.084473;214.351929;471.498688;188.763916;471.912933;163.175873;472.327148;137.587875;472.741394;111.999863;473.155609;86.411819;491.701721;521.822449;492.115967;496.234406;492.530182;470.646362;492.944397;445.058350;493.358643;419.470337;493.772858;393.882324;494.187103;368.294312;494.601318;342.706268;495.015564;317.118256;495.429779;291.530243;495.843994;265.942200;496.258240;240.354187;496.672455;214.766159;497.086700;189.178162;497.500916;163.590103;497.915161;138.002106;498.329376;112.414093;498.743622;86.826042;517.289795;522.236694;517.703979;496.648651;518.118225;471.060608;518.532471;445.472595;518.946655;419.884583;519.360901;394.296570;519.775146;368.708557;520.189392;343.120483;520.603577;317.532471;521.017822;291.944458;521.432068;266.356445;521.846252;240.768417;522.260498;215.180389;522.674744;189.592377;523.088989;164.004333;523.503174;138.416321;523.917419;112.828323;524.331665;87.240273;542.877747;522.650879;543.291992;497.062866;543.706238;471.474823;544.120483;445.886810;544.534668;420.298798;544.948914;394.710785;545.363159;369.122772;545.777344;343.534729;546.191589;317.946716;546.605835;292.358704;547.020081;266.770660;547.434265;241.182648;547.848511;215.594620;548.262756;190.006607;548.676941;164.418564;549.091187;138.830551;549.505432;113.242546;549.919678;87.654503;568.465759;523.065186;568.880005;497.477112;569.294250;471.889069;569.708496;446.301056;570.122681;420.713043;570.536926;395.125031;570.951172;369.536987;571.365356;343.948975;571.779602;318.360931;572.193848;292.772949;572.608093;267.184875;573.022278;241.596863;573.436523;216.008850;573.850769;190.420837;574.264954;164.832794;574.679199;139.244781;575.093445;113.656776;575.507690;88.068726;594.053833;523.479370;594.468079;497.891327;594.882263;472.303284;595.296509;446.715271;595.710754;421.127258;596.125000;395.539246;596.539185;369.951233;596.953430;344.363190;597.367676;318.775146;597.781860;293.187164;598.196106;267.599121;598.610352;242.011108;599.024597;216.423065;599.438782;190.835068;599.853027;165.247025;600.267273;139.659012;600.681458;114.071007;601.095703;88.482956;619.641846;523.893555;620.056091;498.305542;620.470276;472.717499;620.884521;447.129486;621.298767;421.541473;621.713013;395.953461;622.127197;370.365448;622.541443;344.777405;622.955688;319.189392;623.369873;293.601379;623.784119;268.013367;624.198364;242.425323;624.612610;216.837311;625.026794;191.249298;625.441040;165.661255;625.855286;140.073242;626.269470;114.485237;626.683716;88.897186;645.229797;524.307861;645.644043;498.719788;646.058289;473.131744;646.472534;447.543732;646.886719;421.955719;647.300964;396.367706;647.715210;370.779694;648.129395;345.191650;648.543640;319.603638;648.957886;294.015625;649.372131;268.427582;649.786316;242.839554;650.200562;217.251526;650.614807;191.663528;651.028992;166.075470;651.443237;140.487473;651.857483;114.899460;652.271729;89.311417;670.817871;524.722046;671.232117;499.134003;671.646301;473.545959;672.060547;447.957947;672.474792;422.369934;672.889038;396.781921;673.303223;371.193909;673.717468;345.605896;674.131714;320.017853;674.545898;294.429871;674.960144;268.841797;675.374390;243.253784;675.788635;217.665756;676.202820;192.077759;676.617065;166.489716;677.031311;140.901703;677.445496;115.313690;677.859741;89.725647;696.405884;525.136292;696.820129;499.548248;697.234375;473.960205;697.648621;448.372192;698.062805;422.784180;698.477051;397.196167;698.891296;371.608154;699.305481;346.020111;699.719727;320.432068;700.133972;294.844086;700.548218;269.256042;700.962402;243.668015;701.376648;218.079987;701.790894;192.491974;702.205078;166.903931;702.619324;141.315918;703.033569;115.727921;703.447815;90.139870;721.993958;525.550537;722.408203;499.962463;722.822388;474.374420;723.236633;448.786407;723.650879;423.198395;724.065125;397.610382;724.479309;372.022369;724.893555;346.434326;725.307800;320.846313;725.721985;295.258301;726.136230;269.670258;726.550476;244.082245;726.964722;218.494217;727.378906;192.906219;727.793152;167.318161;728.207397;141.730164;728.621582;116.142151;729.035828;90.554100;747.581970;525.964722;747.996216;500.376709;748.410400;474.788666;748.824646;449.200653;749.238892;423.612640;749.653137;398.024628;750.067322;372.436615;750.481567;346.848572;750.895813;321.260529;751.309998;295.672546;751.724243;270.084473;752.138489;244.496475;752.552734;218.908447;752.966919;193.320435;753.381165;167.732391;753.795410;142.144379;754.209595;116.556374;773.169983;526.378967;773.584229;500.790924;773.998413;475.202881;774.412659;449.614868;774.826904;424.026855;775.241150;398.438843;775.655334;372.850830;776.069580;347.262787;776.483826;321.674744;776.898010;296.086761;777.312256;270.498718;777.726501;244.910706;778.140747;219.322662;778.554932;193.734665;778.969177;168.146622;779.383423;142.558609;779.797607;116.970604;799.172241;501.205170;799.586487;475.617126;800.000732;450.029114;800.414978;424.441101;800.829163;398.853088;801.243408;373.265076;801.657654;347.677002;802.071838;322.088989;802.486084;296.500977;802.900330;270.912964;803.314575;245.324936;803.728760;219.736908;804.143005;194.148895;804.557251;168.560852;804.971436;142.972839,165.282547;479.756134;165.620758;455.455414;165.958984;431.154694;166.297195;406.853943;166.635406;382.553223;166.973618;358.252502;167.311844;333.951782;167.650055;309.651062;167.988266;285.350311;168.326477;261.049591;168.664703;236.748840;169.002914;212.448120;169.341125;188.147369;169.679337;163.846680;170.017563;139.545914;170.355774;115.245201;170.693985;90.944481;171.032196;66.643730;189.583282;480.094360;189.921494;455.793640;190.259720;431.492920;190.597931;407.192169;190.936142;382.891449;191.274353;358.590698;191.612579;334.289978;191.950790;309.989258;192.289001;285.688538;192.627213;261.387817;192.965439;237.087067;193.303650;212.786346;193.641861;188.485596;193.980072;164.184891;194.318298;139.884125;194.656509;115.583412;194.994720;91.282700;195.332932;66.981949;213.884018;480.432587;214.222229;456.131866;214.560440;431.831146;214.898651;407.530396;215.236862;383.229675;215.575089;358.928925;215.913300;334.628204;216.251511;310.327454;216.589722;286.026733;216.927948;261.726013;217.266159;237.425278;217.604370;213.124542;217.942581;188.823807;218.280807;164.523102;218.619019;140.222351;218.957230;115.921631;219.295441;91.620911;219.633667;67.320160;238.184738;480.770782;238.522949;456.470062;238.861176;432.169342;239.199387;407.868591;239.537598;383.567871;239.875809;359.267151;240.214020;334.966431;240.552246;310.665680;240.890457;286.364929;241.228668;262.064209;241.566879;237.763489;241.905106;213.462769;242.243317;189.162018;242.581528;164.861313;242.919739;140.560562;243.257965;116.259842;243.596176;91.959129;243.934387;67.658371;262.485474;481.109009;262.823669;456.808289;263.161896;432.507568;263.500122;408.206818;263.838318;383.906097;264.176544;359.605347;264.514740;335.304626;264.852966;311.003906;265.191193;286.703186;265.529388;262.402466;265.867615;238.101715;266.205841;213.800980;266.544037;189.500244;266.882263;165.199524;267.220459;140.898773;267.558685;116.598061;267.896912;92.297340;268.235107;67.996582;286.786194;481.447205;287.124420;457.146484;287.462616;432.845764;287.800842;408.545013;288.139069;384.244293;288.477264;359.943573;288.815491;335.642853;289.153687;311.342102;289.491913;287.041382;289.830139;262.740662;290.168335;238.439926;290.506561;214.139191;290.844788;189.838455;291.182983;165.537750;291.521210;141.236984;291.859406;116.936272;292.197632;92.635559;292.535858;68.334801;311.086914;481.785431;311.425140;457.484711;311.763367;433.183990;312.101562;408.883240;312.439789;384.582520;312.777985;360.281799;313.116211;335.981079;313.454437;311.680328;313.792633;287.379578;314.130859;263.078857;314.469055;238.778137;314.807281;214.477417;315.145508;190.176666;315.483704;165.875961;315.821930;141.575195;316.160156;117.274490;316.498352;92.973770;316.836578;68.673019;335.387665;482.123657;335.725861;457.822937;336.064087;433.522217;336.402313;409.221466;336.740509;384.920746;337.078735;360.619995;337.416931;336.319275;337.755157;312.018555;338.093384;287.717804;338.431580;263.417084;338.769806;239.116364;339.108032;214.815628;339.446228;190.514893;339.784454;166.214172;340.122681;141.913422;340.460876;117.612701;340.799103;93.311989;341.137299;69.011230;359.688385;482.461853;360.026611;458.161133;360.364838;433.860413;360.703033;409.559662;361.041260;385.258942;361.379456;360.958221;361.717682;336.657501;362.055908;312.356750;362.394104;288.056030;362.732330;263.755310;363.070557;239.454559;363.408752;215.153839;363.746979;190.853088;364.085175;166.552383;364.423401;142.251633;364.761627;117.950920;365.099823;93.650200;365.438049;69.349442;383.989105;482.800079;384.327332;458.499359;384.665558;434.198639;385.003754;409.897888;385.341980;385.597168;385.680176;361.296448;386.018402;336.995728;386.356628;312.694977;386.694824;288.394226;387.033051;264.093506;387.371277;239.792786;387.709473;215.492065;388.047699;191.191315;388.385895;166.890594;388.724121;142.589844;389.062347;118.289131;389.400543;93.988419;389.738770;69.687660;408.289856;483.138306;408.628082;458.837585;408.966278;434.536865;409.304504;410.236115;409.642700;385.935394;409.980927;361.634644;410.319153;337.333923;410.657349;313.033203;410.995575;288.732452;411.333801;264.431732;411.671997;240.130997;412.010223;215.830261;412.348419;191.529526;412.686646;167.228821;413.024872;142.928070;413.363068;118.627350;413.701294;94.326630;414.039520;70.025879;432.590576;483.476501;432.928802;459.175781;433.266998;434.875061;433.605225;410.574310;433.943420;386.273590;434.281647;361.972839;434.619873;337.672119;434.958069;313.371399;435.296295;289.070679;435.634521;264.769958;435.972717;240.469208;436.310944;216.168488;436.649139;191.867737;436.987366;167.567032;437.325592;143.266281;437.663788;118.965561;438.002014;94.664848;438.340240;70.364090;456.891296;483.814728;457.229523;459.514008;457.567749;435.213287;457.905945;410.912537;458.244171;386.611816;458.582397;362.311096;458.920593;338.010376;459.258820;313.709625;459.597015;289.408875;459.935242;265.108154;460.273468;240.807434;460.611664;216.506699;460.949890;192.205963;461.288116;167.905243;461.626312;143.604492;461.964539;119.303772;462.302734;95.003059;462.640961;70.702301;481.192017;484.152924;481.530243;459.852203;481.868469;435.551483;482.206665;411.250732;482.544891;386.950012;482.883118;362.649292;483.221313;338.348572;483.559540;314.047852;483.897736;289.747101;484.235962;265.446381;484.574188;241.145645;484.912384;216.844910;485.250610;192.544174;485.588837;168.243469;485.927032;143.942703;486.265259;119.641991;486.603455;95.341278;486.941681;71.040520;505.492767;484.491150;505.830994;460.190430;506.169189;435.889709;506.507416;411.588959;506.845612;387.288239;507.183838;362.987488;507.522064;338.686768;507.860260;314.386047;508.198486;290.085327;508.536713;265.784607;508.874908;241.483856;509.213135;217.183136;509.551331;192.882385;509.889557;168.581680;510.227783;144.280914;510.565979;119.980209;510.904205;95.679489;511.242432;71.378738;529.793518;484.829376;530.131714;460.528656;530.469910;436.227936;530.808167;411.927185;531.146362;387.626465;531.484558;363.325714;531.822754;339.024994;532.161011;314.724243;532.499207;290.423523;532.837402;266.122803;533.175659;241.822083;533.513855;217.521347;533.852051;193.220612;534.190308;168.919891;534.528503;144.619141;534.866699;120.318420;535.204956;96.017700;535.543152;71.716949;554.094177;485.167572;554.432373;460.866852;554.770630;436.566132;555.108826;412.265381;555.447021;387.964661;555.785278;363.663940;556.123474;339.363220;556.461670;315.062500;556.799927;290.761749;557.138123;266.461029;557.476318;242.160294;557.814575;217.859558;558.152771;193.558807;558.490967;169.258102;558.829163;144.957352;559.167419;120.656631;559.505615;96.355919;559.843811;72.055161;578.394958;485.505798;578.733154;461.205078;579.071350;436.904358;579.409607;412.603607;579.747803;388.302887;580.085999;364.002136;580.424194;339.701416;580.762451;315.400696;581.100647;291.099976;581.438843;266.799255;581.777100;242.498505;582.115295;218.197784;582.453491;193.897034;582.791748;169.596313;583.129944;145.295563;583.468140;120.994850;583.806396;96.694138;584.144592;72.393379;602.695679;485.843994;603.033875;461.543274;603.372070;437.242554;603.710327;412.941833;604.048523;388.641113;604.386719;364.340363;604.724915;340.039642;605.063171;315.738892;605.401367;291.438171;605.739563;267.137451;606.077820;242.836716;606.416016;218.535980;606.754211;194.235245;607.092468;169.934540;607.430664;145.633774;607.768860;121.333061;608.107117;97.032349;608.445312;72.731598;626.996399;486.182220;627.334595;461.881500;627.672791;437.580780;628.011047;413.280029;628.349243;388.979309;628.687439;364.678589;629.025635;340.377869;629.363892;316.077118;629.702087;291.776367;630.040283;267.475647;630.378540;243.174927;630.716736;218.874207;631.054932;194.573456;631.393188;170.272751;631.731384;145.972000;632.069580;121.671280;632.407837;97.370560;632.746033;73.069809;651.297180;486.520447;651.635376;462.219727;651.973572;437.919006;652.311829;413.618256;652.650024;389.317535;652.988220;365.016785;653.326416;340.716064;653.664673;316.415344;654.002869;292.114624;654.341064;267.813904;654.679321;243.513153;655.017517;219.212418;655.355713;194.911682;655.693970;170.610962;656.032166;146.310211;656.370361;122.009491;656.708618;97.708778;657.046814;73.408020;675.597900;486.858643;675.936096;462.557922;676.274292;438.257202;676.612549;413.956451;676.950745;389.655731;677.288940;365.355011;677.627136;341.054291;677.965393;316.753540;678.303589;292.452820;678.641785;268.152100;678.980042;243.851364;679.318237;219.550629;679.656433;195.249893;679.994690;170.949188;680.332886;146.648422;680.671082;122.347710;681.009338;98.046997;681.347534;73.746239;699.898621;487.196869;700.236816;462.896149;700.575073;438.595428;700.913269;414.294678;701.251465;389.993958;701.589722;365.693237;701.927917;341.392517;702.266113;317.091766;702.604370;292.791016;702.942566;268.490295;703.280762;244.189575;703.619019;219.888855;703.957214;195.588104;704.295410;171.287399;704.633606;146.986633;704.971863;122.685921;705.310059;98.385208;705.648254;74.084457;724.199341;487.535095;724.537537;463.234375;724.875793;438.933655;725.213989;414.632904;725.552185;390.332184;725.890442;366.031433;726.228638;341.730713;726.566833;317.429993;726.905090;293.129242;727.243286;268.828522;727.581482;244.527786;727.919739;220.227066;728.257935;195.926315;728.596130;171.625610;728.934326;147.324860;729.272583;123.024139;729.610779;98.723419;729.948975;74.422668;748.500061;487.873291;748.838257;463.572571;749.176453;439.271851;749.514709;414.971100;749.852905;390.670380;750.191101;366.369629;750.529297;342.068909;750.867554;317.768188;751.205750;293.467468;751.543945;269.166748;751.882202;244.865997;752.220398;220.565277;752.558594;196.264526;752.896851;171.963821;753.235046;147.663071;753.573242;123.362350;753.911499;99.061638;772.800781;488.211517;773.138977;463.910797;773.477234;439.610077;773.815430;415.309326;774.153625;391.008606;774.491882;366.707886;774.830078;342.407166;775.168274;318.106415;775.506531;293.805664;775.844727;269.504944;776.182922;245.204224;776.521179;220.903488;776.859375;196.602753;777.197571;172.302032;777.535767;148.001282;777.874023;123.700569;778.212219;99.399857,208.130737;493.216980;207.998230;470.721741;207.865738;448.226532;207.733231;425.731293;207.600723;403.236053;207.468231;380.740845;207.335724;358.245605;207.203217;335.750366;207.070724;313.255127;206.938217;290.759918;206.805710;268.264679;206.673203;245.769455;206.540710;223.274216;206.408203;200.779007;206.275696;178.283752;206.143204;155.788528;206.010696;133.293320;205.878189;110.798065;230.625977;493.084473;230.493469;470.589233;230.360962;448.094025;230.228455;425.598816;230.095963;403.103577;229.963455;380.608337;229.830948;358.113098;229.698456;335.617859;229.565948;313.122620;229.433441;290.627441;229.300934;268.132202;229.168442;245.636963;229.035934;223.141708;228.903427;200.646500;228.770935;178.151245;228.638428;155.656036;228.505920;133.160812;228.373428;110.665558;253.121201;492.951996;252.988693;470.456757;252.856186;447.961548;252.723694;425.466309;252.591187;402.971069;252.458679;380.475830;252.326187;357.980591;252.193680;335.485352;252.061172;312.990112;251.928665;290.494934;251.796173;267.999695;251.663666;245.504456;251.531158;223.009216;251.398666;200.513992;251.266159;178.018738;251.133652;155.523529;251.001160;133.028305;250.868652;110.533058;275.616425;492.819489;275.483917;470.324249;275.351410;447.829041;275.218933;425.333801;275.086426;402.838562;274.953918;380.343323;274.821411;357.848083;274.688904;335.352844;274.556396;312.857605;274.423920;290.362427;274.291412;267.867187;274.158905;245.371948;274.026398;222.876709;273.893890;200.381500;273.761383;177.886246;273.628876;155.391022;273.496399;132.895813;273.363892;110.400558;298.111664;492.686981;297.979156;470.191742;297.846649;447.696533;297.714142;425.201294;297.581635;402.706055;297.449127;380.210815;297.316650;357.715607;297.184143;335.220367;297.051636;312.725128;296.919128;290.229919;296.786621;267.734680;296.654114;245.239441;296.521606;222.744202;296.389130;200.248993;296.256622;177.753738;296.124115;155.258514;295.991608;132.763306;295.859100;110.268051;320.606903;492.554474;320.474396;470.059235;320.341888;447.564026;320.209381;425.068787;320.076874;402.573547;319.944366;380.078308;319.811890;357.583099;319.679382;335.087860;319.546875;312.592621;319.414368;290.097412;319.281860;267.602173;319.149353;245.106934;319.016846;222.611694;318.884369;200.116486;318.751862;177.621231;318.619354;155.126022;318.486847;132.630798;318.354340;110.135551;343.102112;492.421967;342.969604;469.926727;342.837097;447.431519;342.704620;424.936279;342.572113;402.441040;342.439606;379.945801;342.307098;357.450592;342.174591;334.955353;342.042084;312.460114;341.909576;289.964905;341.777100;267.469666;341.644592;244.974426;341.512085;222.479202;341.379578;199.983978;341.247070;177.488724;341.114563;154.993515;340.982056;132.498291;340.849579;110.003052;365.597351;492.289459;365.464844;469.794220;365.332336;447.299011;365.199860;424.803772;365.067352;402.308533;364.934845;379.813324;364.802338;357.318115;364.669830;334.822876;364.537323;312.327637;364.404816;289.832397;364.272339;267.337158;364.139832;244.841934;364.007324;222.346695;363.874817;199.851486;363.742310;177.356232;363.609802;154.861008;363.477295;132.365799;363.344818;109.870544;388.092590;492.156952;387.960083;469.661713;387.827576;447.166504;387.695068;424.671265;387.562561;402.176025;387.430084;379.680817;387.297577;357.185608;387.165070;334.690369;387.032562;312.195129;386.900055;289.699890;386.767548;267.204651;386.635040;244.709442;386.502563;222.214188;386.370056;199.718979;386.237549;177.223724;386.105042;154.728516;385.972534;132.233292;385.840027;109.738037;410.587799;492.024475;410.455292;469.529236;410.322784;447.034027;410.190277;424.538757;410.057800;402.043518;409.925293;379.548309;409.792786;357.053101;409.660278;334.557861;409.527771;312.062622;409.395264;289.567383;409.262756;267.072144;409.130280;244.576935;408.997772;222.081696;408.865265;199.586472;408.732758;177.091217;408.600250;154.596008;408.467743;132.100800;408.335236;109.605545;433.083038;491.891968;432.950531;469.396729;432.818024;446.901520;432.685516;424.406250;432.553040;401.911011;432.420532;379.415802;432.288025;356.920593;432.155518;334.425354;432.023010;311.930115;431.890503;289.434906;431.757996;266.939667;431.625519;244.444427;431.493011;221.949188;431.360504;199.453979;431.227997;176.958725;431.095490;154.463501;430.962982;131.968292;430.830475;109.473038;455.578247;491.759460;455.445770;469.264221;455.313263;446.769012;455.180756;424.273773;455.048248;401.778534;454.915741;379.283325;454.783234;356.788086;454.650726;334.292847;454.518250;311.797607;454.385742;289.302399;454.253235;266.807159;454.120728;244.311920;453.988220;221.816681;453.855713;199.321472;453.723236;176.826218;453.590729;154.330994;453.458221;131.835785;453.325714;109.340530;478.073517;491.626953;477.941010;469.131714;477.808502;446.636505;477.675995;424.141266;477.543518;401.646027;477.411011;379.150818;477.278503;356.655579;477.145996;334.160339;477.013489;311.665100;476.880981;289.169891;476.748474;266.674652;476.615997;244.179413;476.483490;221.684174;476.350983;199.188965;476.218475;176.693710;476.085968;154.198502;475.953461;131.703278;475.820953;109.208031;500.568726;491.494446;500.436218;468.999207;500.303711;446.503998;500.171204;424.008759;500.038727;401.513519;499.906219;379.018311;499.773712;356.523071;499.641205;334.027832;499.508698;311.532593;499.376190;289.037384;499.243683;266.542145;499.111206;244.046921;498.978699;221.551682;498.846191;199.056458;498.713684;176.561218;498.581177;154.065994;498.448669;131.570770;498.316162;109.075531;523.063965;491.361938;522.931458;468.866699;522.798950;446.371490;522.666443;423.876282;522.533997;401.381042;522.401489;378.885803;522.268982;356.390564;522.136475;333.895325;522.003967;311.400085;521.871460;288.904877;521.738953;266.409637;521.606445;243.914413;521.473938;221.419174;521.341431;198.923965;521.208923;176.428711;521.076416;153.933487;520.943909;131.438278;520.811401;108.943024;545.559204;491.229431;545.426697;468.734192;545.294189;446.238983;545.161682;423.743774;545.029175;401.248535;544.896667;378.753296;544.764160;356.258057;544.631653;333.762817;544.499146;311.267578;544.366699;288.772400;544.234192;266.277161;544.101685;243.781921;543.969177;221.286682;543.836670;198.791458;543.704163;176.296204;543.571655;153.800995;543.439148;131.305771;543.306641;108.810524;568.054382;491.096954;567.921875;468.601715;567.789368;446.106506;567.656921;423.611267;567.524414;401.116028;567.391907;378.620789;567.259399;356.125549;567.126892;333.630310;566.994385;311.135071;566.861877;288.639893;566.729370;266.144653;566.596863;243.649414;566.464355;221.154175;566.331848;198.658951;566.199341;176.163696;566.066833;153.668488;565.934387;131.173279;565.801880;108.678024;590.549622;490.964447;590.417114;468.469208;590.284607;445.973999;590.152161;423.478760;590.019653;400.983521;589.887146;378.488281;589.754639;355.993073;589.622131;333.497833;589.489624;311.002594;589.357117;288.507385;589.224609;266.012146;589.092102;243.516907;588.959595;221.021667;588.827087;198.526459;588.694580;176.031204;588.562073;153.535980;588.429626;131.040771;588.297119;108.545517;613.044861;490.831940;612.912354;468.336700;612.779846;445.841492;612.647339;423.346252;612.514832;400.851013;612.382324;378.355774;612.249817;355.860565;612.117310;333.365326;611.984802;310.870087;611.852356;288.374878;611.719849;265.879639;611.587341;243.384399;611.454834;220.889160;611.322327;198.393951;611.189819;175.898697;611.057312;153.403473;610.924805;130.908264;610.792297;108.413010;635.540039;490.699432;635.407532;468.204193;635.275024;445.708984;635.142578;423.213745;635.010071;400.718506;634.877563;378.223267;634.745056;355.728058;634.612549;333.232819;634.480042;310.737579;634.347534;288.242371;634.215027;265.747131;634.082520;243.251892;633.950012;220.756653;633.817505;198.261444;633.684998;175.766190;633.552490;153.270981;633.420044;130.775757;633.287537;108.280510;658.035339;490.566925;657.902832;468.071686;657.770325;445.576477;657.637878;423.081238;657.505371;400.585999;657.372864;378.090759;657.240356;355.595551;657.107849;333.100311;656.975342;310.605072;656.842834;288.109863;656.710327;265.614624;656.577820;243.119400;656.445312;220.624161;656.312805;198.128937;656.180298;175.633698;656.047791;153.138474;655.915344;130.643250;655.782837;108.148010;680.530579;490.434418;680.398071;467.939178;680.265564;445.443970;680.133057;422.948730;680.000549;400.453491;679.868042;377.958282;679.735535;355.463074;679.603027;332.967834;679.470520;310.472595;679.338074;287.977356;679.205566;265.482117;679.073059;242.986893;678.940552;220.491653;678.808044;197.996445;678.675537;175.501190;678.543030;153.005981;678.410522;130.510757;678.278015;108.015503;703.025818;490.301910;702.893311;467.806671;702.760803;445.311462;702.628296;422.816223;702.495789;400.320984;702.363281;377.825775;702.230774;355.330566;702.098267;332.835327;701.965759;310.340088;701.833313;287.844849;701.700806;265.349609;701.568298;242.854401;701.435791;220.359161;701.303284;197.863937;701.170776;175.368683;701.038269;152.873474;700.905762;130.378250;700.773254;107.883003;725.520996;490.169434;725.388489;467.674194;725.255981;445.178986;725.123535;422.683716;724.991028;400.188477;724.858521;377.693268;724.726013;355.198059;724.593506;332.702820;724.460999;310.207581;724.328491;287.712372;724.195984;265.217133;724.063477;242.721893;723.930969;220.226654;723.798462;197.731430;723.665955;175.236176;723.533447;152.740967;723.401001;130.245758;723.268494;107.750504;748.016235;490.036926;747.883728;467.541687;747.751221;445.046478;747.618713;422.551239;747.486206;400.056000;747.353699;377.560791;747.221191;355.065552;747.088684;332.570312;746.956177;310.075073;746.823730;287.579865;746.691223;265.084625;746.558716;242.589386;746.426208;220.094147;746.293701;197.598938;746.161194;175.103683;746.028687;152.608459;745.896179;130.113251;770.378967;467.409180;770.246460;444.913971;770.114014;422.418732;769.981506;399.923492;769.848999;377.428284;769.716492;354.933044;769.583984;332.437805;769.451477;309.942566;769.318970;287.447357;769.186462;264.952118;769.053955;242.456879;768.921448;219.961639;768.788940;197.466431;768.656433;174.971176;768.523926;152.475967,141.718750;469.806366;142.002899;446.474182;142.287048;423.141968;142.571198;399.809753;142.855362;376.477570;143.139511;353.145386;143.423660;329.813171;143.707825;306.480957;143.991974;283.148773;144.276123;259.816589;144.560287;236.484375;144.844437;213.152161;145.128586;189.819962;145.412750;166.487778;145.696899;143.155548;145.981049;119.823364;146.265213;96.491180;146.549362;73.158951;165.050949;470.090515;165.335098;446.758331;165.619247;423.426117;165.903412;400.093903;166.187561;376.761719;166.471710;353.429504;166.755875;330.097321;167.040024;306.765106;167.324173;283.432922;167.608337;260.100708;167.892487;236.768524;168.176636;213.436310;168.460785;190.104126;168.744949;166.771927;169.029099;143.439697;169.313248;120.107521;169.597412;96.775330;169.881561;73.443115;188.383148;470.374664;188.667297;447.042480;188.951447;423.710266;189.235611;400.378052;189.519760;377.045868;189.803909;353.713684;190.088074;330.381470;190.372223;307.049255;190.656372;283.717072;190.940536;260.384888;191.224686;237.052673;191.508835;213.720459;191.792984;190.388275;192.077148;167.056091;192.361298;143.723862;192.645447;120.391670;192.929611;97.059486;193.213760;73.727264;211.715347;470.658813;211.999496;447.326630;212.283646;423.994415;212.567810;400.662201;212.851959;377.330017;213.136108;353.997833;213.420273;330.665649;213.704422;307.333435;213.988571;284.001221;214.272736;260.669037;214.556885;237.336823;214.841034;214.004623;215.125198;190.672424;215.409348;167.340240;215.693497;144.008011;215.977661;120.675827;216.261810;97.343643;216.545959;74.011414;235.047546;470.942963;235.331696;447.610779;235.615845;424.278564;235.899994;400.946350;236.184158;377.614166;236.468307;354.281982;236.752457;330.949768;237.036621;307.617554;237.320770;284.285400;237.604919;260.953186;237.889084;237.620987;238.173233;214.288788;238.457382;190.956573;238.741547;167.624390;239.025696;144.292175;239.309845;120.959984;239.594009;97.627792;239.878159;74.295570;258.379730;471.227142;258.663879;447.894958;258.948059;424.562744;259.232208;401.230530;259.516357;377.898346;259.800507;354.566132;260.084656;331.233948;260.368805;307.901733;260.652954;284.569519;260.937134;261.237335;261.221283;237.905136;261.505432;214.572937;261.789581;191.240723;262.073730;167.908539;262.357880;144.576324;262.642059;121.244133;262.926208;97.911949;263.210358;74.579727;281.711945;471.511292;281.996094;448.179108;282.280243;424.846893;282.564392;401.514679;282.848572;378.182495;283.132721;354.850281;283.416870;331.518066;283.701019;308.185852;283.985168;284.853699;284.269318;261.521484;284.553497;238.189301;284.837646;214.857086;285.121796;191.524887;285.405945;168.192703;285.690094;144.860474;285.974243;121.528290;286.258392;98.196106;286.542572;74.863876;305.044128;471.795441;305.328308;448.463257;305.612457;425.131042;305.896606;401.798828;306.180756;378.466644;306.464905;355.134460;306.749054;331.802246;307.033234;308.470032;307.317383;285.137848;307.601532;261.805664;307.885681;238.473450;308.169830;215.141235;308.453979;191.809052;308.738159;168.476852;309.022308;145.144623;309.306458;121.812447;309.590607;98.480255;309.874756;75.148033;328.376343;472.079590;328.660492;448.747406;328.944672;425.415192;329.228821;402.082977;329.512970;378.750793;329.797119;355.418579;330.081268;332.086395;330.365417;308.754181;330.649597;285.421997;330.933746;262.089783;331.217896;238.757599;331.502045;215.425385;331.786194;192.093201;332.070343;168.761002;332.354523;145.428787;332.638672;122.096596;332.922821;98.764412;333.206970;75.432190;351.708527;472.363739;351.992676;449.031555;352.276855;425.699341;352.561005;402.367126;352.845154;379.034943;353.129303;355.702759;353.413452;332.370544;353.697601;309.038330;353.981781;285.706146;354.265930;262.373962;354.550079;239.041748;354.834229;215.709549;355.118378;192.377350;355.402527;169.045166;355.686707;145.712936;355.970856;122.380753;356.255005;99.048569;356.539154;75.716339;375.040741;472.647888;375.324890;449.315704;375.609070;425.983490;375.893219;402.651276;376.177368;379.319092;376.461517;355.986908;376.745667;332.654724;377.029816;309.322510;377.313995;285.990295;377.598145;262.658112;377.882294;239.325897;378.166443;215.993698;378.450592;192.661499;378.734741;169.329315;379.018921;145.997086;379.303070;122.664902;379.587219;99.332718;379.871368;76.000496;398.372925;472.932068;398.657074;449.599884;398.941254;426.267670;399.225403;402.935455;399.509552;379.603271;399.793701;356.271057;400.077850;332.938843;400.362000;309.606628;400.646179;286.274475;400.930328;262.942261;401.214478;239.610062;401.498627;216.277863;401.782776;192.945648;402.066925;169.613464;402.351105;146.281250;402.635254;122.949059;402.919403;99.616875;403.203552;76.284653;421.705139;473.216217;421.989288;449.884033;422.273468;426.551819;422.557617;403.219604;422.841766;379.887421;423.125916;356.555206;423.410065;333.223022;423.694214;309.890808;423.978394;286.558594;424.262543;263.226410;424.546692;239.894226;424.830841;216.562012;425.114990;193.229813;425.399139;169.897614;425.683319;146.565399;425.967468;123.233215;426.251617;99.901031;426.535767;76.568802;445.037323;473.500366;445.321472;450.168182;445.605621;426.835968;445.889801;403.503754;446.173950;380.171570;446.458099;356.839355;446.742249;333.507172;447.026398;310.174957;447.310547;286.842773;447.594696;263.510559;447.878876;240.178375;448.163025;216.846161;448.447174;193.513962;448.731323;170.181778;449.015472;146.849548;449.299622;123.517365;449.583801;100.185181;449.867950;76.852959;468.369568;473.784515;468.653717;450.452332;468.937866;427.120117;469.222046;403.787903;469.506195;380.455719;469.790344;357.123535;470.074493;333.791321;470.358643;310.459106;470.642792;287.126923;470.926941;263.794739;471.211121;240.462524;471.495270;217.130310;471.779419;193.798126;472.063568;170.465927;472.347717;147.133698;472.631866;123.801521;472.916046;100.469337;473.200195;77.137115;491.701752;474.068665;491.985901;450.736481;492.270050;427.404266;492.554230;404.072052;492.838379;380.739868;493.122528;357.407654;493.406677;334.075470;493.690826;310.743256;493.974976;287.411072;494.259125;264.078857;494.543304;240.746674;494.827454;217.414474;495.111603;194.082275;495.395752;170.750092;495.679901;147.417862;495.964050;124.085678;496.248230;100.753487;496.532379;77.421265;515.033936;474.352814;515.318054;451.020630;515.602234;427.688416;515.886414;404.356201;516.170532;381.024017;516.454712;357.691833;516.738831;334.359619;517.023010;311.027405;517.307129;287.695251;517.591309;264.363037;517.875488;241.030823;518.159607;217.698624;518.443787;194.366425;518.727905;171.034241;519.012085;147.702011;519.296204;124.369827;519.580383;101.037643;519.864563;77.705414;538.366150;474.636963;538.650330;451.304779;538.934448;427.972565;539.218628;404.640350;539.502808;381.308167;539.786926;357.975983;540.071106;334.643799;540.355225;311.311584;540.639404;287.979370;540.923523;264.647186;541.207703;241.314987;541.491882;217.982788;541.776001;194.650574;542.060181;171.318390;542.344299;147.986176;542.628479;124.653984;542.912659;101.321800;543.196777;77.989578;561.698364;474.921143;561.982483;451.588959;562.266663;428.256744;562.550842;404.924530;562.834961;381.592346;563.119141;358.260132;563.403259;334.927917;563.687439;311.595703;563.971558;288.263550;564.255737;264.931335;564.539917;241.599136;564.824036;218.266937;565.108215;194.934738;565.392334;171.602539;565.676514;148.270325;565.960632;124.938141;566.244812;101.605949;566.528992;78.273727;585.030518;475.205292;585.314697;451.873108;585.598816;428.540894;585.882996;405.208679;586.167175;381.876495;586.451294;358.544312;586.735474;335.212097;587.019592;311.879883;587.303772;288.547699;587.587891;265.215515;587.872070;241.883301;588.156250;218.551086;588.440369;195.218887;588.724548;171.886703;589.008667;148.554474;589.292847;125.222290;589.577026;101.890106;589.861145;78.557877;608.362732;475.489441;608.646912;452.157257;608.931030;428.825043;609.215210;405.492828;609.499390;382.160645;609.783508;358.828430;610.067688;335.496246;610.351807;312.164032;610.635986;288.831848;610.920105;265.499634;611.204285;242.167450;611.488464;218.835236;611.772583;195.503052;612.056763;172.170853;612.340881;148.838623;612.625061;125.506447;612.909241;102.174255;613.193359;78.842041;631.694946;475.773590;631.979126;452.441406;632.263245;429.109192;632.547424;405.776978;632.831604;382.444794;633.115723;359.112610;633.399902;335.780396;633.684021;312.448181;633.968201;289.115997;634.252319;265.783813;634.536499;242.451599;634.820679;219.119385;635.104797;195.787201;635.388977;172.455017;635.673096;149.122787;635.957275;125.790604;636.241455;102.458412;636.525574;79.126190;655.027161;476.057739;655.311340;452.725555;655.595459;429.393341;655.879639;406.061127;656.163818;382.728943;656.447937;359.396759;656.732117;336.064575;657.016235;312.732361;657.300415;289.400146;657.584534;266.067963;657.868713;242.735764;658.152893;219.403549;658.437012;196.071350;658.721191;172.739166;659.005310;149.406937;659.289490;126.074753;659.573669;102.742569;659.857788;79.410339;678.359314;476.341888;678.643494;453.009705;678.927612;429.677490;679.211792;406.345276;679.495972;383.013092;679.780090;359.680908;680.064270;336.348694;680.348389;313.016479;680.632568;289.684326;680.916687;266.352112;681.200867;243.019913;681.485046;219.687714;681.769165;196.355499;682.053345;173.023315;682.337463;149.691101;682.621643;126.358910;682.905823;103.026718;683.189941;79.694496;701.691589;476.626068;701.975769;453.293884;702.259888;429.961670;702.544067;406.629456;702.828186;383.297272;703.112366;359.965057;703.396545;336.632874;703.680664;313.300659;703.964844;289.968445;704.248962;266.636261;704.533142;243.304062;704.817261;219.971863;705.101440;196.639648;705.385620;173.307465;705.669739;149.975250;705.953918;126.643059;706.238037;103.310875;725.023743;476.910217;725.307922;453.578033;725.592041;430.245819;725.876221;406.913605;726.160339;383.581421;726.444519;360.249207;726.728699;336.916992;727.012817;313.584778;727.296997;290.252625;727.581116;266.920410;727.865295;243.588211;728.149414;220.256012;728.433594;196.923813;728.717773;173.591629;729.001892;150.259399;729.286072;126.927216;729.570190;103.595032,,,,,,,,,,,,,,,,,,,,
CameraSpatialCalibrationPoints,Camera coordinates used for generating the projector camera calibration (camera pixels X;Y;X;Y),String,,81.711970;96.421446;79.299838;167.784441;79.169841;242.087302;75.992447;313.199396;76.496206;389.056146;74.929412;464.576471;75.936073;537.493151;74.486919;613.292151;73.508499;686.407932;74.752226;762.866469;74.415317;836.503682;76.532544;912.628698;78.525060;988.837709;78.449697;1061.518788;80.213068;1138.365057;80.606019;1210.701778;83.978698;1287.334911;85.550146;1362.330088;153.454806;92.225251;150.624013;165.680885;147.840310;237.844961;148.186260;312.598473;145.818457;388.055976;147.247059;461.150000;145.037313;537.022388;146.898080;610.308715;145.777305;686.747518;144.636864;760.338377;146.596798;837.203785;147.191819;914.055007;151.518331;986.731985;150.933333;1063.814103;150.193593;1137.247911;152.935578;1213.380673;153.652893;1289.560803;157.708092;1362.250482;223.282282;89.782282;223.415064;161.145833;220.617378;236.129573;218.532625;308.389985;219.184751;384.146628;217.266764;460.058309;218.772321;533.675595;217.487040;610.114598;218.817814;684.191633;218.187060;761.061885;217.402507;837.891365;220.253835;911.949791;219.615280;988.578445;222.717647;1062.813235;222.957806;1139.210970;223.664804;1215.448324;227.185680;1289.141990;227.329724;1364.890748;296.389281;85.093089;293.740798;159.427914;294.240413;231.722714;292.151694;307.159057;290.102564;383.205128;291.339568;456.625899;289.409836;533.047814;291.309746;607.276368;290.443152;684.108527;292.355910;761.476760;291.640884;836.056630;290.959239;913.145380;293.672483;987.138255;294.149533;1064.240320;297.041169;1141.046481;297.624672;1214.593176;298.039859;1291.301290;301.553379;1364.468168;366.720833;83.320833;367.680233;154.818314;365.300300;230.570571;366.245997;306.050946;364.680055;379.412742;362.913978;455.772849;364.694335;529.988142;363.470588;607.210458;364.799733;684.620828;363.735443;759.356962;366.448320;836.496124;366.244641;910.981084;365.994937;988.530380;368.694444;1065.742063;369.015810;1139.973650;372.416984;1216.543726;372.616185;1290.742197;372.750000;1366.563910;441.699187;78.760163;439.129261;153.816761;440.079670;229.469780;438.549724;302.236188;439.492243;378.605078;437.902246;452.367239;436.475430;529.660934;438.906897;607.134483;437.615385;681.882724;439.734003;759.735257;439.418835;834.443618;441.373449;912.057072;441.485330;989.689487;441.299517;1064.207729;444.241915;1141.591203;444.864450;1215.616368;447.937500;1292.371462;448.022308;1366.836081;516.514839;77.605161;514.686382;152.764787;513.414894;225.444149;513.997436;301.611538;512.234417;375.039295;513.255456;451.766367;512.281095;529.339552;511.473872;604.217340;513.690782;681.992999;513.166667;757.123543;515.511432;835.123947;514.771804;913.078853;517.269649;988.033857;516.862408;1065.972973;517.494240;1140.520737;520.063052;1217.825977;520.704197;1291.976459;523.663904;1368.370166;589.025974;75.531169;590.157373;148.137546;588.613769;224.645274;586.935484;297.569124;588.119107;374.363524;587.410256;451.941392;589.183580;526.460661;588.169412;604.320000;587.420582;679.456376;589.197905;757.582072;589.054023;835.920690;591.316820;911.291475;591.052095;988.894677;593.679669;1064.122931;593.490244;1142.284146;594.431591;1216.599555;596.977842;1293.769750;596.627219;1370.305156;665.082811;71.721455;663.436943;147.026752;665.276923;220.323077;663.281723;296.621653;662.265550;373.745215;664.087822;448.125293;663.491961;526.327974;664.933633;601.632171;664.451288;680.015677;663.594298;757.978070;666.300443;833.813747;665.163451;911.896708;667.315315;987.885135;667.608333;1064.975926;670.284632;1139.896104;670.692580;1217.360424;670.669882;1296.143623;672.960173;1370.445887;738.534940;70.653012;740.635280;143.780691;738.878528;219.576687;740.613022;296.116708;739.293413;370.124551;738.688940;447.544931;740.572149;523.096872;739.598178;601.154858;741.768075;680.098592;740.874627;755.271642;740.728440;834.006422;742.545133;909.274336;742.132265;988.209419;745.272727;1063.841751;745.262168;1141.715708;747.701240;1219.642616;747.919063;1294.713525;747.260575;1371.573604;816.091629;67.390271;814.404304;142.634202;815.967703;218.552632;815.110727;292.206459;816.478903;370.201477;816.100324;445.244876;815.681319;523.314286;817.757322;601.422594;817.455579;677.489669;819.541373;756.139965;818.553038;832.041195;818.154158;910.554767;820.767164;986.107463;820.188865;1065.379913;823.451023;1143.263724;822.742105;1218.252632;825.467016;1296.539267;824.784081;1371.570703;892.766033;65.961995;891.986874;141.073986;891.257913;215.227433;892.989583;292.018519;892.433875;366.510441;894.544681;444.784043;893.994770;523.339958;893.155620;598.813641;895.664712;677.699902;894.512428;753.642447;897.119843;832.774067;896.963832;909.183773;896.117949;987.722051;898.934426;1066.672131;898.606244;1142.218530;900.903134;1219.792972;900.644759;1295.096506;902.109865;1373.119581;967.501222;64.889976;969.897590;137.121687;969.356512;214.248344;968.408784;288.555180;970.938578;366.298491;970.187298;444.153929;972.398942;519.469841;971.919517;598.548290;971.380725;675.135496;973.757307;753.801594;972.682310;830.241877;975.315838;909.129834;974.495661;988.372228;974.892034;1064.750524;977.669782;1143.964694;976.149495;1218.766667;978.667984;1296.875494;977.795076;1373.945692;1045.911361;59.724095;1045.501873;135.096130;1047.696493;209.320435;1046.806752;287.431898;1046.588727;366.868476;1047.907678;442.449726;1048.859391;520.101784;1051.405088;595.835616;1050.697084;675.360301;1049.850575;751.545977;1052.156164;830.975342;1051.467174;910.614653;1053.494382;986.185393;1053.414914;1065.099426;1055.802254;1140.615779;1055.220126;1219.320755;1054.783156;1298.380445;1056.951327;1373.009587;1121.073171;59.739409;1124.210588;132.317647;1124.166471;209.143025;1126.431461;286.317978;1125.580541;362.000000;1125.051836;440.892009;1127.383910;517.568228;1126.759961;596.599611;1129.560311;672.746109;1128.954802;751.997175;1128.872321;831.564772;1130.758152;907.858696;1129.875357;987.086584;1132.393204;1062.890291;1131.219488;1141.389764;1133.867963;1220.193449;1133.083789;1296.368852;1132.118509;1374.158455;1199.356511;57.080910;1199.697368;131.936603;1201.795482;210.451843;1201.711732;285.395531;1204.393220;363.325424;1204.144989;439.087420;1203.730392;518.211765;1206.493278;594.018614;1205.466926;672.994163;1208.225217;752.559192;1207.867978;828.973783;1207.181562;908.326435;1209.872984;984.941532;1208.894410;1063.634576;1211.139079;1141.721841;1210.078270;1217.730175;1211.682451;1296.789229;1210.900421;1372.131136;1274.526829;57.503659;1277.738869;133.700361;1277.690361;207.875904;1280.601190;286.194048;1280.420644;361.149834;1283.737991;439.064410;1283.529284;515.096529;1283.108891;594.311688;1285.628766;673.459670;1284.575642;750.343482;1287.545187;829.625737;1286.329064;905.875862;1286.427300;985.261128;1288.223415;1064.738537;1287.807734;1140.403867;1289.552712;1218.896622;1288.264447;1295.381978;1289.612472;1372.907201;1352.683924;58.645777;1353.038369;131.690647;1356.088652;209.069740;1356.473193;283.384615;1359.221219;361.544018;1359.315325;437.141125;1361.950855;516.194444;1361.892291;595.069694;1361.831401;671.336143;1364.287402;750.718504;1363.454092;826.936128;1365.693431;906.743483;1365.867211;986.272727;1364.974849;1061.924547;1368.235613;1141.979370;1367.326180;1217.810086;1367.627000;1295.934000;1365.761662;1373.349854;1431.239544;56.079848;1431.321168;132.262774;1431.626829;206.590244;1435.193208;284.132319;1435.319173;359.404133;1438.182599;437.786251;1438.272349;516.389813;1441.094398;592.823651;1441.323762;671.917822;1441.930556;748.474206;1444.744637;827.704801;1443.962225;907.270724;1445.226882;983.827957;1443.935318;1062.552361;1443.328709;1138.529349;1444.994589;1217.213203;1443.211856;1295.956268;1444.321534;1370.266224;1506.314016;56.396226;1509.343434;129.891414;1510.169598;207.322864;1510.572600;281.864169;1514.100840;359.650660;1514.456674;438.264637;1517.605233;513.777019;1517.788546;592.768722;1520.308097;669.259727;1519.654271;748.830151;1519.096608;828.021583;1521.762408;905.116156;1520.996746;983.908894;1522.312639;1059.729490;1521.438765;1138.148030;1519.746554;1216.615058;1521.527237;1293.028210;1519.869030;1371.086107;1584.705803;53.987854;1585.173228;130.095801;1589.386305;204.395349;1590.403037;281.712617;1591.595718;359.403023;1594.745318;435.028714;1594.683393;514.299881;1597.283063;590.111369;1596.787686;669.900212;1598.986900;749.320961;1598.496781;825.538627;1597.189485;904.951807;1599.401475;981.224447;1598.608018;1060.249443;1600.777655;1139.212389;1598.602799;1214.312164;1596.996230;1293.169651;1598.026353;1368.282764;1658.692506;55.450904;1663.125475;128.912548;1664.003727;205.545342;1667.837072;283.297521;1668.153025;358.260973;1668.683470;436.638921;1671.682470;512.923925;1671.878919;591.363243;1674.949474;670.734737;1674.835676;746.665946;1676.850000;826.241111;1676.191579;902.372632;1675.690096;981.614483;1677.409188;1060.480769;1675.975401;1136.567914;1677.389868;1214.780837;1675.959566;1290.890533;1673.103264;1369.478348;1737.308280;53.249682;1737.844806;129.680851;1742.129630;206.819753;1742.975339;280.790382;1746.693780;359.283493;1747.290437;434.519481;1747.397959;513.404762;1750.769492;591.632768;1750.568035;667.992441;1753.340263;747.228665;1753.265537;823.554802;1755.318729;902.936473;1754.168132;981.720879;1752.478814;1057.907839;1754.903654;1136.286822;1752.729299;1211.970276;1753.845185;1290.826283;1752.467030;1367.385360;1814.125436;54.217189;1815.504878;130.537805;1817.075495;204.360149;1821.170240;282.679697;1821.944910;356.980838;1825.409249;435.041618;1825.842538;513.772033;1826.341629;589.399321;1829.252887;668.914550;1828.883369;744.733261;1831.705487;824.023516;1831.047867;903.316337;1832.856990;979.273212;1831.416413;1058.104357;1830.466231;1133.934641;1831.968220;1212.736229;1829.084448;1288.025920;1889.412580;54.933902;1893.423251;128.968397;1895.712254;205.323851;1897.133333;279.690323;1900.431624;357.819444;1901.041621;435.682366;1904.581644;511.526147;1905.281184;589.986258;1905.370087;666.299127;1907.379722;745.173956;1907.105111;824.238187;1909.904621;900.462144;1908.005618;979.426030;1910.314711;1054.666667;1908.591564;1133.954733;1906.951287;1209.162684;1906.284236;1287.489650;1966.323612;128.217310;1971.169623;205.209534;1972.872934;280.712810;1973.797980;358.773288;1979.003690;434.201722;1978.349650;512.384615;1982.030084;588.109507;1982.144330;666.876289;1981.819911;742.761745;1984.376608;822.451462;1983.433638;900.815789;1984.989691;977.059565;1984.562780;1055.516816;1984.998822;1130.808009;1982.704947;1208.785336,81.241667;94.498810;81.955163;169.043478;79.121547;241.483425;76.493617;314.019858;77.621514;386.772908;75.402850;463.379534;73.788535;537.155414;75.677582;610.735516;74.233766;687.831169;73.523187;762.550535;76.278846;836.299279;75.916865;913.825416;75.674854;987.831579;79.047450;1062.007117;79.560976;1135.885017;79.945652;1212.548309;84.154882;1286.098765;85.208606;1359.225444;153.805263;91.934211;151.234880;164.295359;148.487805;239.707317;149.498652;312.454178;147.606536;385.656209;145.667901;459.406173;147.211422;536.392467;145.755528;610.316953;144.723810;685.095238;146.766033;762.756532;146.272406;837.349057;145.946073;911.668230;149.284514;989.433373;149.217082;1063.760380;149.687500;1137.675481;153.602381;1211.514286;154.320046;1289.039863;155.205080;1362.230480;224.134817;89.632199;221.695055;161.800824;222.519126;234.407104;220.099476;307.748691;218.046332;384.325611;219.519851;458.161290;218.170060;532.324551;216.876301;610.457803;219.233890;684.909308;218.483237;759.647399;217.645274;837.926488;220.414550;912.875289;220.603687;987.546083;220.663551;1062.344626;224.202765;1139.571429;224.892857;1213.730415;225.195556;1288.448889;229.420569;1364.961433;295.276394;84.415184;295.802125;159.962815;293.717881;232.850331;291.785082;306.409608;292.889299;380.063961;291.381707;457.324390;289.910361;531.833527;291.550406;606.864426;290.783201;685.034052;290.179800;760.047725;292.759594;835.446953;292.738649;913.592470;292.481777;988.773349;295.111372;1063.839390;295.706294;1138.486014;296.160839;1216.117716;299.363439;1291.600653;300.349662;1364.951858;366.251263;81.724747;367.270513;153.739744;365.242841;227.533792;366.032715;304.223555;364.977273;379.014773;363.192135;453.544944;365.399780;531.350220;364.583425;606.365746;363.371681;681.962389;365.557569;760.559701;365.034006;836.141339;364.306624;911.684829;367.864455;986.891943;367.494371;1064.768680;368.190476;1140.293466;371.305104;1215.209977;371.950873;1293.498908;372.570069;1367.198097;442.223543;80.629013;440.487242;153.144593;438.364387;226.346698;439.550640;300.338766;438.023622;377.910011;436.679739;452.765795;438.119870;527.885529;437.150313;606.201461;436.322086;681.950920;438.769623;757.781855;438.436181;836.725628;441.114650;912.871550;440.295478;988.409043;440.765774;1064.404398;444.699543;1141.693151;445.332690;1216.240116;444.882812;1292.459961;448.649580;1369.610084;515.236988;75.575858;512.969353;151.229285;514.444828;224.956322;513.016129;299.327957;511.943377;374.532861;513.390550;452.003857;511.988069;527.262473;510.995885;603.180041;513.036961;682.222793;512.703483;758.207960;511.949427;834.608779;514.485871;913.745670;514.755402;988.925670;514.696088;1065.424273;518.120040;1140.781746;518.618447;1218.870874;518.519580;1295.056351;521.939079;1368.880386;588.217195;73.524887;589.822711;146.158749;588.012034;219.694344;586.315508;296.940107;588.469314;372.582130;587.585198;448.483649;587.360034;527.478921;589.784109;603.540128;588.244783;679.077849;587.393443;758.598361;590.381629;835.026515;589.613936;911.163842;589.210179;987.832234;592.665421;1066.394393;592.463439;1142.713439;592.697087;1218.051456;596.045998;1297.864765;595.965467;1372.723733;665.471380;71.759820;664.003229;144.608181;662.727564;219.125000;664.846154;294.018967;663.747454;371.983707;662.568702;447.333969;664.836123;523.272247;663.778966;602.943850;663.314082;679.371044;666.006071;755.782307;665.367973;835.596252;664.909091;912.270979;668.073039;988.779080;667.646419;1064.690843;667.684211;1143.984023;670.430244;1220.280000;670.306011;1296.745902;670.655620;1375.030980;740.038342;67.437306;738.839168;143.712254;740.906878;217.580952;739.797820;292.485629;738.687140;368.113244;740.977465;446.982160;740.409628;522.850136;739.290698;599.179785;741.973404;679.349291;741.433418;756.128923;740.724490;833.265306;743.553987;912.918605;743.038200;989.830221;743.059701;1066.564530;746.426551;1142.037706;745.497969;1221.246141;745.863398;1299.156743;748.921034;1375.149546;814.988855;65.417427;816.933198;138.558704;816.155738;213.338115;815.143430;290.948847;817.374286;366.065714;816.536919;442.495898;816.199180;522.747541;818.611339;599.640920;817.890244;676.072358;817.702634;756.451147;820.257475;833.559801;820.056314;910.778157;819.593305;988.151464;821.991974;1068.097913;821.880034;1143.874161;822.307759;1220.150000;825.046266;1299.619318;824.633225;1374.652117;893.122673;62.035049;892.716886;137.123357;892.323063;213.184874;894.848980;289.231020;894.042533;366.712665;893.371429;442.414286;895.967309;518.820620;895.210317;599.055556;894.663934;676.729508;897.006400;753.572000;897.008864;834.211926;896.523772;911.227417;899.647643;988.344086;899.183775;1065.183775;899.082403;1145.277253;901.923077;1221.803714;901.395200;1298.884000;900.962215;1378.177199;969.690889;57.766811;969.191467;131.320499;971.593810;210.283366;970.836004;286.000000;970.431694;362.825137;973.207168;442.700175;972.774730;519.432253;972.210438;596.309764;975.098413;676.751587;974.898319;754.083267;974.092578;831.392502;976.771679;908.759745;976.966206;988.939324;975.625095;1065.876046;979.034367;1143.023470;978.435082;1222.824592;977.934127;1299.568254;980.343516;1375.067955;1045.537113;58.067010;1048.385396;133.083164;1048.053892;208.128743;1047.903257;286.720307;1050.299817;363.010055;1050.044866;439.635030;1050.073630;519.493151;1052.493475;596.541599;1052.221338;673.686306;1052.055292;754.648499;1054.729921;831.803150;1054.545236;909.273819;1053.955378;986.574502;1056.554495;1066.981702;1055.853256;1143.835944;1055.336465;1220.238258;1058.109449;1300.783465;1057.287193;1375.789133;1121.692797;58.652542;1125.162551;132.461934;1124.701183;208.511834;1127.681559;284.061787;1127.944700;363.004608;1127.685152;439.381038;1130.470193;516.327456;1130.236629;596.556726;1129.648265;674.328864;1132.560666;751.606661;1131.863887;832.274587;1132.185510;910.122611;1134.590731;987.535742;1134.030155;1064.581907;1133.365079;1144.922306;1135.910053;1221.634921;1135.044607;1298.930251;1134.300674;1377.846295;1201.165612;56.198312;1201.270961;130.223926;1201.732604;208.344930;1204.715244;283.963567;1204.686924;360.277164;1204.579358;440.062446;1207.809028;516.732639;1207.608804;593.975914;1207.509207;674.588471;1210.167593;751.993646;1209.983793;829.608590;1212.459770;907.191297;1211.957769;987.921116;1211.879705;1065.791326;1214.929302;1143.328790;1214.198198;1223.818919;1212.209825;1300.425479;1214.213784;1375.195916;1277.751656;56.045254;1277.880952;130.183230;1281.435435;205.569570;1281.652089;284.174927;1281.849765;360.585915;1285.321492;436.849911;1284.819031;517.265081;1285.131012;594.408789;1288.659146;671.607575;1289.231884;752.411433;1289.179445;830.464111;1291.315476;908.334184;1290.002547;985.616299;1289.177665;1066.029611;1291.496117;1143.056083;1290.768959;1219.814815;1292.520129;1299.909823;1291.158842;1375.648232;1354.509434;52.513873;1357.978610;130.033155;1358.386410;205.565923;1359.169960;281.047431;1362.320274;360.678746;1362.567979;437.016100;1363.328332;513.850838;1366.286988;594.317291;1365.740051;672.309060;1365.255000;749.538333;1368.328583;830.908634;1368.041701;908.424520;1367.480916;986.021204;1369.615652;1063.029565;1368.357391;1143.257391;1367.513417;1220.029517;1369.652282;1297.189212;1368.097132;1376.601043;1433.679545;52.901136;1434.480709;127.656934;1435.350769;205.957949;1440.071571;280.737575;1440.973659;356.720000;1441.104478;436.928172;1444.286109;513.908924;1443.942559;591.622280;1443.854754;672.449824;1446.351754;750.244737;1445.608167;827.771503;1445.384752;905.593972;1448.168059;986.352832;1447.350174;1063.354530;1446.373646;1140.782491;1448.069917;1220.391904;1446.679700;1297.462562;1445.050492;1373.592787;1509.901263;53.846154;1510.886439;128.303197;1514.777897;203.575107;1515.773101;282.135524;1516.393939;358.518182;1519.624767;435.195531;1520.421343;515.202392;1520.208333;592.399823;1523.532258;669.774194;1523.595726;750.680321;1523.438320;828.118985;1525.874659;905.742053;1525.311562;983.146514;1524.329068;1063.880256;1526.488584;1140.845662;1525.221821;1217.393147;1523.818569;1298.099659;1525.295905;1374.090489;1586.005688;50.965870;1590.592552;128.768894;1591.607609;204.011957;1592.328893;279.737705;1596.758197;358.836066;1597.147929;435.505917;1597.375814;512.617674;1600.879562;592.880474;1601.066911;670.318057;1601.011535;748.049689;1604.209035;825.409212;1603.448659;906.280296;1602.425204;983.565730;1604.936406;1060.845161;1603.732225;1140.950139;1602.506375;1218.020036;1604.511241;1295.546211;1602.255225;1374.250158;1665.101311;52.446961;1666.769484;126.163557;1668.119821;204.722284;1672.022678;280.301296;1673.129266;356.475698;1674.181726;436.250761;1677.835294;512.936275;1677.902950;590.076118;1678.123314;670.833333;1681.327307;748.228354;1680.904332;825.808664;1680.367837;903.457486;1682.809125;984.078212;1682.098464;1061.109304;1680.878505;1138.214953;1682.402752;1218.089908;1680.773490;1295.459732;1678.980745;1371.250321;1741.037780;52.995277;1742.843292;127.030440;1747.258427;202.102247;1748.628357;280.968851;1749.640041;357.276971;1753.804805;433.517518;1754.660488;513.472195;1755.122807;590.584795;1758.488281;668.085937;1758.473837;748.677326;1758.154728;826.438395;1760.552363;903.408712;1759.493920;980.811038;1758.784206;1061.058770;1760.467509;1138.141697;1758.797403;1214.625974;1756.975988;1295.560806;1758.152625;1371.386447;1816.412771;50.962372;1822.029348;128.055435;1823.787845;202.889503;1824.903784;278.802162;1828.945248;357.842975;1830.032454;434.043611;1830.776016;511.287413;1834.764936;591.367287;1835.481289;668.844075;1835.129821;745.837253;1837.906310;823.512428;1837.009320;903.841566;1836.159176;980.983146;1837.903690;1058.257426;1836.952468;1138.337294;1834.937669;1214.712737;1836.423046;1292.251410;1834.180141;1372.029843;1895.411123;52.555071;1897.088983;126.173729;1899.759585;204.125389;1904.017000;279.749000;1905.534068;355.679359;1906.176753;435.101825;1910.370335;511.914833;1910.908842;588.347311;1911.140238;668.907424;1914.699074;746.387037;1913.801937;823.556338;1913.497340;900.645390;1915.846886;981.165225;1914.519197;1057.910122;1913.277253;1135.136481;1914.882890;1214.297342;1912.460110;1291.508253;1969.342016;53.993205;1971.804703;126.673824;1973.648412;202.184009;1978.619518;280.866228;1980.466817;356.719910;1981.575298;432.861322;1985.429194;512.918301;1985.756021;589.817801;1989.448568;666.647932;1989.305857;743.759219;1989.086548;824.429614;1991.972755;901.271443;1990.703818;978.139319;1989.685541;1058.245703;1991.144250;1134.987329;1989.087352;1210.941765;1986.962199;1290.814433,77.500000;72.515038;74.896552;144.168582;74.358516;222.120879;73.096639;295.992997;72.050072;373.741059;67.810700;447.961591;67.960969;526.277254;68.239735;601.238411;68.659864;679.386395;68.650206;754.853224;70.092643;832.173025;70.981157;907.514132;72.539869;985.138562;70.916883;1059.490909;72.690000;1136.970000;74.984127;1210.221001;77.864316;1287.243590;81.631818;1359.673636;152.470097;70.152990;147.759945;142.814815;146.459803;220.506347;145.513324;295.004208;144.351389;372.698611;144.064560;447.471154;143.892761;525.541555;143.852903;600.553548;144.050938;679.298928;141.022667;754.493333;142.313144;832.498711;143.351592;907.705732;144.792092;985.618622;146.660562;1059.892552;148.079284;1137.281330;150.566221;1210.607533;153.423032;1287.481786;150.699130;1361.496522;225.270958;68.315868;224.066011;145.153090;222.975000;219.133824;221.710102;296.797950;220.645028;371.212707;217.115183;449.731675;216.989757;524.859155;216.681876;603.338403;217.582773;678.573351;218.160377;757.412399;218.978149;832.476864;219.431818;907.851010;220.914072;985.735990;219.007317;1060.042683;221.612532;1137.621483;223.582375;1211.146871;225.666312;1288.335813;227.207198;1361.588521;302.470672;67.280401;298.174419;144.085271;296.274032;217.846485;295.155120;295.174699;294.485273;370.304348;293.679012;448.581619;293.543906;524.017038;294.010323;602.859355;294.079385;678.229193;291.468514;756.963476;292.405966;832.278859;293.450777;910.857513;294.346991;985.955186;295.844252;1064.175525;297.227642;1138.787263;298.824289;1215.930233;297.888634;1289.766935;299.940566;1366.528302;375.026284;65.457587;374.199309;142.205069;372.911111;216.617284;372.029831;294.465629;372.265943;369.336499;368.420179;448.080460;368.147135;523.243490;368.114796;602.482143;368.167300;677.972117;368.831870;757.161857;369.392857;832.751276;369.721739;911.427329;370.976190;986.151190;368.920814;1063.849548;371.178344;1138.727389;372.734375;1216.251302;375.013126;1290.380668;376.821429;1366.895753;453.067493;63.878788;448.421333;141.034667;447.370130;215.193506;446.866667;293.401333;446.027064;368.548038;445.773467;447.112641;445.784933;522.609964;446.094952;601.883413;446.105072;677.595411;443.273608;756.569007;443.903382;832.556763;444.680191;911.032220;445.468293;986.907317;446.302924;1065.580117;447.904412;1139.186975;449.862765;1215.771948;448.285024;1290.208696;449.227193;1367.286842;527.263789;66.598321;526.223067;139.915082;525.261104;217.726783;525.002567;292.648267;524.322057;371.056834;520.635870;446.350543;520.505181;525.125648;520.275274;601.120585;520.264741;680.630566;521.127462;756.709154;521.253219;835.998927;521.348790;911.114919;523.140974;989.728195;520.783029;1064.204082;522.436019;1142.975118;523.855621;1216.975148;525.439331;1294.267782;526.609842;1368.092267;605.397022;64.589330;600.832266;137.975672;599.500000;215.606354;599.253880;291.230599;599.097586;370.554326;599.141038;446.708129;599.700197;525.433925;599.803832;601.155109;599.761341;680.384615;595.983589;755.745077;596.912527;835.576674;597.608270;910.986942;598.093998;990.142695;599.374578;1065.222722;600.314220;1142.659404;601.507264;1217.426150;599.504376;1294.963895;600.407986;1369.094618;679.683313;64.023143;679.513580;137.812346;678.877551;216.128451;678.614734;291.231884;678.060827;369.677616;675.020408;445.121375;674.398536;524.460251;674.788162;600.676012;675.068317;680.093069;675.199413;755.736070;676.103013;835.119534;676.253623;910.940994;676.960082;989.703173;674.470391;1065.299441;675.297566;1143.315265;676.493685;1217.433984;677.179433;1295.985310;678.269982;1369.514210;758.056287;63.451497;754.840686;137.137255;754.074390;215.186585;753.865741;290.416667;753.686833;369.131673;753.805587;444.913966;753.697452;523.943737;753.699161;599.705451;753.589971;679.472960;750.437561;755.649951;751.094210;835.058881;751.169756;911.172683;751.773414;990.432024;752.514107;1065.524556;753.142272;1143.544524;754.353832;1217.569536;752.494290;1295.778956;751.919594;1369.316940;833.517365;62.713772;833.131395;139.666279;833.100244;214.091687;832.488152;292.255924;832.395455;367.387500;828.526824;446.977468;829.271442;523.705938;829.525472;603.434906;829.586077;679.551270;830.024272;758.704854;830.424213;834.645669;830.920443;914.160121;827.794764;990.220942;828.422105;1069.555789;828.995918;1144.250000;828.850610;1221.738821;830.494329;1296.065217;830.675018;1372.672808;912.901804;63.706413;909.660164;140.907598;908.985309;216.012733;908.686916;294.013084;908.692645;368.533480;908.472727;446.980808;908.561502;522.825352;908.689060;602.797505;908.896774;678.440553;905.996330;758.589908;905.709738;834.712547;905.906890;914.043762;906.634006;989.385207;907.455078;1067.978516;907.862385;1142.847095;908.345226;1220.630640;905.474247;1295.544218;905.750190;1372.988610;987.886957;59.863354;987.703660;137.054309;987.501706;213.047782;987.667756;291.766885;987.496257;368.019251;984.338115;447.240779;984.615087;523.540619;984.680189;602.962264;985.208687;679.023607;985.232472;758.684502;985.446691;834.099265;985.629928;913.105735;982.382682;988.751397;982.797468;1067.697176;982.637282;1142.183655;983.461856;1220.560825;983.718602;1295.351275;984.338549;1372.162873;1066.447154;65.188153;1063.209059;139.262485;1063.177289;214.369641;1063.267116;292.698092;1063.566486;368.602162;1063.685239;447.522972;1064.008798;523.190616;1063.873477;602.774133;1063.741874;678.798279;1060.591892;758.253153;1061.031136;834.005495;1061.382593;913.096102;1061.705767;988.701857;1061.755374;1067.039918;1062.429833;1141.543670;1061.773679;1219.513460;1058.415215;1294.165903;1058.551254;1371.177061;1141.578824;66.120000;1141.940750;139.789601;1142.115202;218.685273;1142.397124;293.563053;1142.989373;371.979809;1139.458418;447.233266;1140.073386;526.551859;1140.237065;602.621825;1140.060894;681.808754;1139.645581;757.596279;1140.071494;837.298808;1140.458910;912.436750;1136.859962;991.425752;1137.158940;1066.425733;1137.135458;1144.249004;1137.347237;1218.849844;1136.993488;1296.893953;1136.497893;1370.257022;1219.664804;67.852514;1216.848347;141.155074;1217.928987;218.856810;1217.581655;293.659955;1217.980349;372.580786;1218.302227;448.046660;1218.472222;526.982143;1218.661750;602.756146;1215.489420;681.826127;1215.529583;757.602328;1215.697266;836.671875;1215.701905;912.279048;1215.579467;990.875617;1215.490695;1065.859941;1215.512195;1143.568089;1215.411079;1217.879495;1211.310662;1296.090993;1210.654199;1369.577276;1294.408187;68.619883;1295.188591;142.044237;1295.397480;219.963345;1296.184721;294.459521;1296.408052;372.911861;1293.481211;448.248434;1293.677453;527.381002;1293.716403;602.589921;1294.060904;681.957760;1294.214151;757.727358;1295.157696;836.925401;1295.364251;912.239614;1292.060606;991.636364;1291.239651;1066.478214;1290.530568;1143.891921;1290.153762;1217.996728;1289.225434;1295.297688;1288.574166;1367.701916;1372.552826;68.990172;1369.898640;145.823239;1370.152601;220.216185;1371.057851;298.408501;1371.819932;372.952435;1371.909189;452.182703;1372.533066;527.041082;1373.336066;605.960041;1370.006397;681.690832;1369.746436;757.512220;1369.207280;835.931244;1368.801670;911.206681;1368.384080;989.865672;1368.696000;1064.698000;1368.129167;1142.445833;1367.403226;1216.256989;1362.787330;1293.923077;1361.774330;1366.324401;1446.238806;70.303100;1447.043478;147.327850;1447.817016;221.465035;1449.369589;299.248613;1450.090414;373.629630;1446.887712;452.083686;1447.251293;527.349535;1447.522280;606.229016;1447.534975;681.635468;1447.276680;760.238142;1447.509865;835.618899;1446.696581;914.393162;1442.564583;988.820833;1442.170706;1066.868282;1441.469223;1140.814329;1441.066199;1217.972919;1440.004521;1292.046112;1438.585434;1368.290616;1522.935867;72.211401;1520.955774;147.992629;1521.996212;222.268939;1522.976219;299.624257;1523.446367;374.532872;1523.841143;452.937143;1523.965247;527.817265;1524.142408;606.409424;1520.980603;681.676724;1520.732558;760.107822;1520.383130;835.530488;1520.476190;913.771023;1520.305705;988.214209;1519.741139;1066.088077;1518.674893;1139.728541;1517.546201;1216.657084;1512.840782;1290.607076;1511.525412;1366.664835;1596.455581;73.146925;1597.263223;149.704797;1598.302885;223.701923;1599.101136;301.152273;1599.750564;375.562077;1597.367391;453.760870;1597.680600;528.200429;1597.838847;606.788687;1597.970149;681.543710;1597.988372;759.970402;1597.678138;834.632591;1597.145791;912.747433;1593.577731;987.593487;1592.829676;1065.126437;1591.950474;1139.059009;1590.509375;1215.652083;1589.264949;1289.368905;1587.466529;1364.768116;1672.129070;78.560465;1669.912888;151.066826;1671.125301;228.138554;1672.174323;301.985866;1673.077892;379.666667;1673.482222;454.291111;1674.339602;532.162611;1674.727466;606.908802;1671.558483;684.885142;1671.180435;759.800000;1670.952840;837.849946;1670.653148;912.281750;1670.038002;990.109663;1668.377889;1063.845226;1668.110397;1137.870311;1666.294359;1213.800000;1661.873291;1288.079307;1659.523962;1364.165495;1744.128702;80.046697;1745.687198;152.801932;1747.070574;229.565789;1748.274605;303.103281;1745.570938;380.296339;1746.478760;454.598163;1746.894677;532.305776;1747.434343;606.956229;1747.425110;684.890969;1747.163032;759.484943;1747.177350;837.289530;1746.594538;911.551471;1742.196809;989.364894;1741.070070;1062.919920;1739.939037;1139.920856;1738.708245;1212.527484;1737.065062;1289.141711;1734.894484;1361.776978;1818.887356;82.317241;1817.481982;153.729730;1818.288037;231.104530;1820.101598;304.334475;1820.680587;381.531603;1821.422222;455.098889;1822.494344;532.704751;1823.055745;606.930603;1819.327492;685.142388;1818.831210;759.283439;1818.689727;836.919287;1818.079144;911.183957;1817.093812;987.840319;1816.173741;1061.651530;1814.873958;1138.455208;1813.343128;1210.760190;1807.511006;1287.917453;1805.120595;1359.366740;1891.164640;83.167446;1891.883369;155.665227;1893.684372;232.180797;1894.354232;305.678161;1892.677072;382.330463;1893.374473;455.779536;1893.755287;533.443102;1894.503061;607.265306;1895.028684;685.244313;1893.910979;758.973294;1893.800198;836.895153;1893.074449;909.542279;1888.493815;986.943863;1887.516833;1060.491356;1886.313474;1136.587534;1885.047700;1208.925894;1883.110809;1285.577158;1961.576990;160.233564;1962.767068;233.705823;1964.646217;310.013292;1964.917093;383.108495;1966.169231;460.173333;1966.005814;533.866279;1966.451253;610.877437;1963.683040;684.262280;1963.596136;761.752530;1962.465548;835.751767;1962.044894;912.770246;1961.179886;985.073590;1959.607859;1062.137129;1959.383382;1134.900875;1955.564706;1210.029412,85.937748;74.715232;82.219020;150.456772;79.011696;224.209064;79.577969;297.815451;76.853868;375.368195;74.234352;449.863173;72.065407;524.796512;73.293353;603.215318;71.420680;678.342776;69.720798;753.924501;71.822535;832.809859;71.116402;908.433862;70.757162;983.383356;70.504043;1062.060647;73.604527;1136.830892;74.239418;1211.350529;73.937209;1289.400000;77.680788;1363.338916;158.566145;74.510669;154.929598;146.741379;154.855590;223.959627;151.597440;297.704125;149.420821;372.146628;147.066763;450.494920;147.808599;525.380028;145.997260;600.768493;144.043069;679.550471;145.845127;755.012016;144.543175;830.707521;144.026810;909.892761;143.356129;985.246452;146.085752;1060.538259;146.277411;1138.926024;146.536096;1213.477273;149.846724;1288.644005;150.464427;1365.910079;231.113737;73.646972;231.265276;146.338301;228.112108;220.602392;225.286957;297.952174;225.823444;372.567294;223.352691;447.315864;221.417256;526.053748;219.327348;601.628453;220.968961;677.132254;219.683288;756.471698;218.254076;832.187500;220.899736;907.841689;220.094560;986.656736;219.535714;1062.267196;219.735602;1137.657068;222.922470;1216.013141;223.306587;1290.750898;223.642105;1365.270813;307.683908;70.692529;304.540264;146.655930;301.695590;220.475107;301.965861;294.896159;299.473609;372.724679;297.065876;447.673254;295.301813;523.296632;296.473819;602.074074;294.901575;677.990814;293.402242;754.115816;295.586028;833.908150;294.677262;909.338631;294.565051;985.159439;293.784810;1064.260759;296.845570;1139.458228;297.209756;1214.575610;297.025552;1293.077816;300.753346;1367.155832;381.272206;70.315186;378.447368;143.393352;378.713699;220.506849;376.322011;295.066576;373.739247;370.103495;371.913771;448.725869;372.857143;524.023166;371.024691;599.786420;369.520631;679.205097;371.749705;755.119244;370.548148;831.443210;369.403129;910.922984;368.788647;986.909420;371.504447;1062.753494;371.084489;1141.278689;371.073983;1216.415536;374.162374;1291.754759;374.477252;1369.428969;455.414127;70.425208;455.844737;143.480263;453.524766;217.515395;450.789474;295.343421;451.924067;370.664093;449.718377;445.872315;447.814234;525.291918;446.149236;600.933020;447.890553;677.013825;446.432000;756.616000;445.330682;832.784091;448.171233;909.044521;447.236510;988.259472;446.723077;1064.357396;446.074572;1139.804401;449.290909;1218.313939;448.698092;1294.088664;448.611885;1369.260910;532.953146;67.706827;530.109091;143.579021;527.513966;217.522346;528.350190;292.116308;526.360371;370.600232;524.371560;446.504587;523.029834;522.563536;524.698378;601.673514;523.068478;678.031522;521.960937;754.581473;523.976872;834.082599;522.684713;910.527601;521.615642;986.950838;521.518395;1066.096990;524.119306;1141.399132;524.365169;1216.814607;524.169811;1295.470650;526.607985;1370.707804;607.593711;68.049057;605.226010;144.710859;606.456010;218.799257;604.370146;293.612864;602.251174;372.093897;600.381365;447.422535;601.964247;523.512459;600.269357;602.917121;598.984504;679.356405;600.793634;755.386037;599.773469;835.225510;598.844670;911.479188;597.861024;987.844305;599.759733;1067.780868;598.831868;1143.829670;598.982103;1218.898210;601.989754;1297.998975;601.899238;1372.236240;682.742293;68.170160;683.711191;141.648616;681.567990;219.374248;679.614595;293.909920;681.031868;369.416484;679.264308;448.365245;677.771637;524.391032;676.380468;600.621567;678.096840;680.091743;676.825523;756.896311;675.397192;833.077232;677.321206;913.328482;676.741176;989.381373;676.432063;1064.983382;675.671218;1144.659664;678.485169;1220.342161;677.711813;1296.107943;676.878559;1374.943886;761.047337;69.149112;759.023697;142.401659;757.255319;217.028369;758.573810;294.454762;756.531085;369.422550;754.585930;445.480402;753.277083;525.137500;755.292490;601.567194;755.286085;678.366465;753.184834;758.097630;755.214616;834.588344;754.108055;910.939096;753.003000;990.828000;752.039331;1066.915438;755.112936;1142.464066;754.175493;1221.419522;753.478564;1297.513460;755.824900;1372.737349;836.292906;67.026316;834.577057;143.456547;836.117775;217.888768;834.172193;292.926203;833.017544;371.600619;831.498495;446.855567;833.389464;522.865475;831.687146;602.448960;830.252737;678.852190;832.507665;755.770965;831.483425;835.540516;830.659963;911.986289;829.508277;988.420643;831.943702;1068.019084;831.130435;1143.833992;830.246951;1219.617886;832.838194;1298.894638;831.515757;1374.027671;911.568027;67.800454;913.333333;141.508830;911.901345;219.248879;910.556383;293.507447;912.287726;369.114688;910.809384;448.339198;909.416045;524.307836;908.271898;600.720803;910.130635;679.904324;908.943431;757.141423;908.065559;833.549400;906.596290;913.587456;909.156716;990.119403;908.063401;1066.168108;906.620968;1145.631048;909.801205;1220.650602;908.570519;1296.105551;906.502920;1374.865693;990.198218;68.654788;988.812102;142.299363;987.454739;217.183174;989.694933;295.239917;988.454365;369.856151;987.064897;445.435595;985.854424;525.593720;989.162828;602.629071;986.713755;678.961338;984.177600;758.206400;986.514423;834.747596;986.003457;910.243734;986.024762;991.654286;984.644824;1067.900285;985.921359;1143.457282;985.925720;1220.705664;984.799355;1294.385979;986.416875;1367.240000;1065.813927;65.936073;1064.273133;142.803790;1066.663409;219.193268;1065.676641;296.332046;1062.462886;374.618015;1063.042348;447.724735;1065.774164;523.105691;1064.511500;602.725851;1062.929275;679.322292;1065.257923;756.186620;1064.052336;836.027103;1062.923617;912.410887;1061.558979;988.677817;1062.882935;1067.579555;1061.718076;1142.980929;1060.673095;1218.896235;1062.868536;1298.595968;1061.641115;1373.262718;1140.973626;68.790110;1143.876697;144.393665;1142.692308;218.686813;1141.330208;293.763542;1143.650104;373.056936;1142.585157;449.074215;1141.466544;524.868011;1140.443439;604.508597;1142.661726;680.749782;1141.645690;757.162931;1140.448718;836.967521;1139.158177;913.147453;1141.412755;989.485385;1139.730950;1069.074318;1138.811695;1144.762141;1140.527147;1220.253702;1139.085237;1299.666081;1137.051386;1373.860717;1219.297386;70.296296;1218.284775;144.391019;1217.631297;221.965702;1220.237306;296.266321;1219.393035;371.507463;1218.440228;450.277989;1217.774976;526.088264;1219.807097;602.393995;1218.712889;681.916444;1217.394599;758.349303;1219.548665;834.571059;1218.703209;914.517825;1217.428054;990.586425;1216.099813;1066.573694;1217.556622;1145.352207;1216.185516;1220.834325;1214.577440;1296.588183;1216.292453;1374.771408;1293.961749;73.110383;1293.753575;145.610561;1296.334812;220.637472;1295.405181;298.680829;1294.942631;373.240356;1293.877277;448.297220;1296.896584;527.519852;1295.726619;603.502698;1294.418882;679.690192;1296.525333;759.711111;1295.237544;835.740214;1294.334806;912.192580;1293.260512;991.703839;1295.072222;1067.376852;1293.806043;1143.356725;1291.909180;1221.638672;1293.188182;1297.848182;1291.281433;1372.283626;1368.401929;72.318328;1371.247557;148.603692;1371.443219;222.335171;1370.492616;296.757384;1373.433231;375.175331;1372.622772;450.555446;1371.836852;526.030710;1371.144900;605.182078;1373.552898;681.310028;1372.529412;757.431066;1371.115349;836.724651;1369.615894;912.836329;1371.654884;988.639070;1369.829406;1067.709708;1368.678469;1143.473684;1370.976000;1219.358000;1368.823529;1298.398264;1366.367107;1371.799559;1445.814570;74.519868;1445.809745;147.488399;1445.531320;224.702461;1448.578378;298.857297;1448.093782;373.713558;1447.605422;452.239960;1446.779297;527.646484;1449.153475;603.428571;1448.654100;682.581527;1447.822523;758.696396;1450.641929;834.509276;1449.373134;914.087562;1447.285000;989.558000;1445.408867;1064.933990;1447.063936;1143.904096;1445.270981;1218.899899;1443.079743;1294.230064;1443.773121;1371.842486;1520.155481;76.374720;1520.019231;149.189904;1523.090705;223.987682;1523.262514;300.787542;1522.834230;375.426265;1522.154404;450.772021;1525.329268;529.148374;1524.557513;604.706736;1523.458669;680.771169;1525.362136;759.808738;1524.127326;835.480901;1523.218336;911.290170;1522.239719;990.474423;1523.453878;1065.752621;1521.331638;1140.783316;1519.384615;1218.797297;1520.581921;1294.464218;1517.588064;1368.184862;1593.133562;79.488584;1596.624122;152.330211;1596.865991;226.043919;1597.273823;303.189485;1597.709607;377.124454;1600.822340;452.020213;1599.851042;530.701042;1599.235354;606.347475;1601.257114;681.794715;1600.248227;760.728470;1598.894683;836.615542;1597.309017;912.048632;1599.164980;987.580972;1597.391218;1066.208583;1595.876670;1141.411100;1596.570825;1215.950317;1594.060550;1294.174312;1591.554113;1368.580808;1668.911164;79.230492;1669.269608;155.295343;1669.662353;229.028235;1673.186441;302.369492;1673.101224;380.022247;1672.882736;454.561346;1672.616613;529.609159;1675.186143;608.016546;1674.342268;683.268041;1673.890966;758.828660;1676.046778;837.458420;1674.567086;912.731656;1672.904712;988.062827;1670.812172;1066.511018;1672.108673;1140.866249;1669.895833;1215.636458;1667.287570;1293.744898;1667.954447;1367.655098;1741.387515;82.070671;1742.372093;154.463892;1745.650602;231.281928;1746.024476;304.820513;1746.353409;378.840909;1746.277966;456.519774;1749.177802;531.312500;1748.447231;606.340648;1748.003212;684.841542;1750.664888;760.028815;1748.870715;834.875612;1748.003161;913.670179;1745.766138;988.770370;1747.724319;1063.489518;1745.079498;1141.162134;1742.826625;1215.168215;1744.003766;1290.443503;1740.111935;1367.254889;1813.202622;85.228844;1817.233496;157.828851;1817.928747;230.713759;1818.153389;307.419738;1818.737686;381.182131;1822.190101;455.291339;1821.683168;533.251925;1821.090226;607.760473;1823.922910;682.751357;1822.600432;760.904968;1821.483384;836.072508;1820.272257;910.799172;1821.722164;988.777315;1819.729293;1063.246465;1817.859213;1137.949275;1818.066598;1215.277664;1815.541930;1289.904418;1812.188434;1363.820013;1887.598204;85.286195;1889.387991;160.605081;1889.969353;233.270148;1893.323372;306.663821;1893.808333;383.595833;1894.275583;457.181358;1893.967447;531.744659;1896.972727;609.243434;1896.264735;684.060939;1895.350343;758.642787;1897.148833;837.006809;1895.746741;911.340782;1894.014967;985.865295;1892.301194;1063.516988;1893.336347;1137.539783;1890.590459;1211.563456;1887.918189;1289.260524;1958.317635;88.003006;1959.608607;160.467213;1963.386002;235.817603;1964.012295;308.940574;1963.865657;382.384848;1963.948207;459.089641;1967.460000;533.500000;1966.939819;607.903711;1966.122736;685.202213;1968.507246;760.085024;1967.122266;834.384692;1965.776403;912.260704;1964.175701;986.363551;1965.167736;1060.332722;1962.931818;1137.265734;1960.761194;1211.288557;1961.109756;1285.672884,,,,,,,,,,,,,,,,,,,,
MultiColorStimulus,Could there be multiple stimulus colors for the same stimulus pixel (only used in align_stimulus),Numeric,0,,,,,,,,,,,,,,,,,1,1,,,,,,
